City,District,Province,Type,Size mÂ²,Bedrooms,Bathrooms,Price $
Achrafieh,Beirut,Beirut,Apartment,315,3,4,1100000
Beit El Kikko,El Metn,Mount Lebanon,Apartment,255,3,4,350000
Kfarzebian,Kesrouane,Mount Lebanon,Apartment,110,2,2,250000
Blat,Jbeil,Mount Lebanon,Apartment,125,2,4,135000
Ain Al Remmane,Baabda,Mount Lebanon,Apartment,180,2,2,295000
Dbayeh,El Metn,Mount Lebanon,Apartment,200,3,3,230000
Qornet El Hamra,El Metn,Mount Lebanon,Apartment,135,3,3,169000
Qornet El Hamra,El Metn,Mount Lebanon,Apartment,100,2,2,108000
kfarhbeib,Kesrouane,Mount Lebanon,Apartment,400,5,3,340000
Achrafieh,Beirut,Beirut,Apartment,80,1,2,320000
Batroun,Batroun,North,Apartment,185,3,2,140000
Achrafieh,Beirut,Beirut,Apartment,200,3,2,300000
Jbeil,Jbeil,Mount Lebanon,Apartment,176,3,3,175000
Jbeil,Jbeil,Mount Lebanon,Apartment,145,2,3,195000
Jbeil,Jbeil,Mount Lebanon,Apartment,200,3,2,270000
Furn El Chebbak,Baabda,Mount Lebanon,Apartment,184,3,3,260000
Beit El Kikko,El Metn,Mount Lebanon,Apartment,165,3,3,260000
kfarhbeib,Kesrouane,Mount Lebanon,Apartment,360,4,5,500000
Jbeil,Jbeil,Mount Lebanon,Apartment,180,3,4,220000
Jbeil,Jbeil,Mount Lebanon,Apartment,180,3,4,245000
Jbeil,Jbeil,Mount Lebanon,Apartment,200,3,4,245000
kfarhbeib,Kesrouane,Mount Lebanon,Apartment,205,4,3,275000
Hboub,Jbeil,Mount Lebanon,Apartment,115,3,3,90000
Adma,Kesrouane,Mount Lebanon,Apartment,155,2,2,400000
Dbayeh,El Metn,Mount Lebanon,Apartment,120,2,2,200000
Mazraat Yachouh,El Metn,Mount Lebanon,Apartment,170,3,2,140000
Dbayeh,El Metn,Mount Lebanon,Apartment,140,2,2,187000
Ballouneh,Kesrouane,Mount Lebanon,Apartment,180,3,4,185000
Mansourieh,El Metn,Mount Lebanon,Apartment,240,3,4,270000
Achrafieh,Beirut,Beirut,Apartment,280,3,4,1050000
Halat,Jbeil,Mount Lebanon,Apartment,140,3,3,140000
Adonis,Kesrouane,Mount Lebanon,Apartment,200,3,2,170000
Bsalim,El Metn,Mount Lebanon,Apartment,115,2,2,160000
Fidar,Jbeil,Mount Lebanon,Apartment,200,3,3,345000
Ain Al Remmane,Baabda,Mount Lebanon,Apartment,300,3,3,325000
Baabdat,El Metn,Mount Lebanon,Apartment,200,3,3,450000
Aannaya,Jbeil,Mount Lebanon,Apartment,200,3,3,100000
Bouar,Kesrouane,Mount Lebanon,Apartment,130,2,2,150000
Edde,Jbeil,Mount Lebanon,Apartment,125,2,2,125000
Achrafieh,Beirut,Beirut,Apartment,200,2,2,400000
Monteverde,El Metn,Mount Lebanon,Apartment,200,3,3,350000
Sahel Alma,Kesrouane,Mount Lebanon,Apartment,250,4,3,400000
Rabweh,El Metn,Mount Lebanon,Apartment,190,3,3,370000
Rabweh,El Metn,Mount Lebanon,Apartment,200,3,3,310000
Aamchit,Jbeil,Mount Lebanon,Apartment,111,2,2,110000
Naccache,El Metn,Mount Lebanon,Apartment,145,3,3,230000
Ras Beirut,Beirut,Beirut,Apartment,400,3,3,1250000
Baabda,Baabda,Mount Lebanon,Apartment,255,3,4,295000
Badaro,Beirut,Beirut,Apartment,200,3,2,600000
Jbeil,Jbeil,Mount Lebanon,Apartment,166,2,2,120000
Jbeil,Jbeil,Mount Lebanon,Apartment,240,4,4,150000
Hboub,Jbeil,Mount Lebanon,Apartment,125,2,2,115000
Ain Saadeh,El Metn,Mount Lebanon,Apartment,200,3,4,360000
Ain Saadeh,El Metn,Mount Lebanon,Apartment,170,3,4,310000
Ain Saadeh,El Metn,Mount Lebanon,Apartment,161,3,3,280000
Rabweh,El Metn,Mount Lebanon,Apartment,525,4,5,1000000
Aatchane,El Metn,Mount Lebanon,Apartment,142,3,3,199000
Halat,Jbeil,Mount Lebanon,Apartment,120,2,2,115000
Jbeil,Jbeil,Mount Lebanon,Apartment,260,3,3,250000
Haret Sakher,Kesrouane,Mount Lebanon,Apartment,150,3,3,135000
Edde,Jbeil,Mount Lebanon,Apartment,160,3,4,215000
Hazmieh,Baabda,Mount Lebanon,Apartment,240,3,4,400000
Aamchit,Jbeil,Mount Lebanon,Apartment,200,3,3,200000
Baabdat,El Metn,Mount Lebanon,Apartment,160,3,3,230000
Baabdat,El Metn,Mount Lebanon,Apartment,250,3,3,350000
Aamchit,Jbeil,Mount Lebanon,Apartment,232,3,3,300000
Achkout,Kesrouane,Mount Lebanon,Apartment,100,2,2,120000
Hboub,Jbeil,Mount Lebanon,Apartment,124,3,2,120000
Hboub,Jbeil,Mount Lebanon,Apartment,175,3,3,150000
Aamchit,Jbeil,Mount Lebanon,Apartment,135,2,2,135000
Jbeil,Jbeil,Mount Lebanon,Apartment,170,3,3,190000
Hazmieh,Baabda,Mount Lebanon,Apartment,470,3,5,1250000
Achrafieh,Beirut,Beirut,Apartment,80,2,2,165000
Douar,El Metn,Mount Lebanon,Apartment,125,2,2,125000
Antelias,El Metn,Mount Lebanon,Apartment,155,3,3,225000
Antelias,El Metn,Mount Lebanon,Apartment,135,2,2,165000
Bsalim,El Metn,Mount Lebanon,Apartment,165,3,3,200000
Furn El Chebbak,Baabda,Mount Lebanon,Apartment,135,2,2,245000
chnaniir,Kesrouane,Mount Lebanon,Apartment,1100,4,6,4000000
Jal el Dib,El Metn,Mount Lebanon,Apartment,140,3,3,185000
Bhorsaf,El Metn,Mount Lebanon,Apartment,220,3,4,300000
Bhorsaf,El Metn,Mount Lebanon,Apartment,220,3,4,290000
Bhorsaf,El Metn,Mount Lebanon,Apartment,200,3,4,310000
Achkout,Kesrouane,Mount Lebanon,Apartment,440,5,7,460000
Antelias,El Metn,Mount Lebanon,Apartment,235,3,3,250000
Jbeil,Jbeil,Mount Lebanon,Apartment,137,2,2,107000
Jbeil,Jbeil,Mount Lebanon,Apartment,100,2,2,115000
Qornet El Hamra,El Metn,Mount Lebanon,Apartment,252,3,4,425000
Adma,Kesrouane,Mount Lebanon,Apartment,150,2,3,250000
Barbara,Jbeil,Mount Lebanon,Apartment,90,2,2,68000
Adma,Kesrouane,Mount Lebanon,Apartment,170,3,4,315000
Jdeideh,El Metn,Mount Lebanon,Apartment,155,3,2,210000
Shayle,Kesrouane,Mount Lebanon,Apartment,150,3,3,185000
Jbeil,Jbeil,Mount Lebanon,Apartment,110,2,2,67000
Sahel Alma,Kesrouane,Mount Lebanon,Apartment,170,2,2,130000
Achrafieh,Beirut,Beirut,Apartment,210,3,3,730000
Yarzeh,Baabda,Mount Lebanon,Apartment,380,3,4,820000
Achrafieh,Beirut,Beirut,Apartment,170,3,3,510000
Mazraat Yachouh,El Metn,Mount Lebanon,Apartment,120,2,2,130000
Bsalim,El Metn,Mount Lebanon,Apartment,170,3,3,170000
Bsalim,El Metn,Mount Lebanon,Apartment,170,3,3,170000
Nabey,El Metn,Mount Lebanon,Apartment,160,3,3,210000
Nabey,El Metn,Mount Lebanon,Apartment,165,3,3,220000
Nabey,El Metn,Mount Lebanon,Apartment,160,3,3,210000
Nabey,El Metn,Mount Lebanon,Apartment,320,4,5,325000
Dbayeh,El Metn,Mount Lebanon,Apartment,230,3,3,350000
Kornet Chehwan,El Metn,Mount Lebanon,Apartment,220,4,4,350000
Kornet Chehwan,El Metn,Mount Lebanon,Apartment,220,4,4,350000
Kornet Chehwan,El Metn,Mount Lebanon,Apartment,200,3,4,300000
Yarzeh,Baabda,Mount Lebanon,Apartment,400,4,5,1150000
Ballouneh,Kesrouane,Mount Lebanon,Apartment,160,3,3,235000
Ballouneh,Kesrouane,Mount Lebanon,Apartment,145,3,3,190000
Ballouneh,Kesrouane,Mount Lebanon,Apartment,145,3,3,295000
Ballouneh,Kesrouane,Mount Lebanon,Apartment,145,3,3,190000
Jbeil,Jbeil,Mount Lebanon,Apartment,120,2,2,135000
Qannabet Broumana,El Metn,Mount Lebanon,Apartment,220,4,3,280000
kfarhbeib,Kesrouane,Mount Lebanon,Apartment,300,3,5,650000
Fatqa,Kesrouane,Mount Lebanon,Apartment,275,2,3,325000
Achrafieh,Beirut,Beirut,Apartment,120,2,2,200000
Ain Saadeh,El Metn,Mount Lebanon,Apartment,250,4,4,300000
Kornet Chehwan,El Metn,Mount Lebanon,Apartment,220,3,3,390000
Bsalim,El Metn,Mount Lebanon,Apartment,250,4,4,350000
Jdeideh,El Metn,Mount Lebanon,Apartment,220,3,3,280000
Bsalim,El Metn,Mount Lebanon,Apartment,180,3,3,200000
Bsalim,El Metn,Mount Lebanon,Apartment,165,3,4,240000
Maaysra,Kesrouane,Mount Lebanon,Apartment,165,3,4,149000
Maaysra,Kesrouane,Mount Lebanon,Apartment,165,3,4,158000
Maaysra,Kesrouane,Mount Lebanon,Apartment,165,3,4,166000
Beit el Chaar,El Metn,Mount Lebanon,Apartment,200,3,4,325000
Beit el Chaar,El Metn,Mount Lebanon,Apartment,200,3,4,300000
Kfar Aabida,Batroun,North,Apartment,320,2,3,480000
Jal el Dib,El Metn,Mount Lebanon,Apartment,170,2,2,200000
Biyada,El Metn,Mount Lebanon,Apartment,400,3,3,800000
Kornet Chehwan,El Metn,Mount Lebanon,Apartment,360,3,4,550000
Achrafieh,Beirut,Beirut,Apartment,220,3,3,490000
Achrafieh,Beirut,Beirut,Apartment,170,3,2,300000
Bouchrieh,El Metn,Mount Lebanon,Apartment,125,3,2,125000
Bouchrieh,El Metn,Mount Lebanon,Apartment,110,2,2,120000
Ghadir,Kesrouane,Mount Lebanon,Apartment,210,3,3,215000
Achrafieh,Beirut,Beirut,Apartment,75,1,1,240000
Achrafieh,Beirut,Beirut,Apartment,102,2,2,320000
Achrafieh,Beirut,Beirut,Apartment,105,2,2,325000
Zouk Mosbeh,Kesrouane,Mount Lebanon,Apartment,180,3,2,120000
Sarba,Kesrouane,Mount Lebanon,Apartment,370,3,3,400000
Ghadir,Kesrouane,Mount Lebanon,Apartment,230,4,4,200000
Edde,Jbeil,Mount Lebanon,Apartment,140,3,2,129000
Batroun,Batroun,North,Apartment,90,2,2,140000
kfarhbeib,Kesrouane,Mount Lebanon,Apartment,171,3,3,300000
kfarhbeib,Kesrouane,Mount Lebanon,Apartment,180,3,3,300000
Safra,Kesrouane,Mount Lebanon,Apartment,105,2,2,90000
Baabda,Baabda,Mount Lebanon,Apartment,350,3,5,780000
Ghadir,Kesrouane,Mount Lebanon,Apartment,360,4,4,300000
Bsalim,El Metn,Mount Lebanon,Apartment,550,4,6,475000
Tilal Ain Saade,El Metn,Mount Lebanon,Apartment,137,2,2,171250
Baabdat,El Metn,Mount Lebanon,Apartment,138,2,2,240000
Baabdat,El Metn,Mount Lebanon,Apartment,176,3,3,325000
Achrafieh,Beirut,Beirut,Apartment,123,2,2,550000
Maameltein,Kesrouane,Mount Lebanon,Apartment,50,1,0,82000
Jal el Dib,El Metn,Mount Lebanon,Apartment,115,2,2,140000
kfarhbeib,Kesrouane,Mount Lebanon,Apartment,200,3,3,400000
Aamchit,Jbeil,Mount Lebanon,Apartment,160,3,2,110000
Tilal Ain Saade,El Metn,Mount Lebanon,Apartment,420,5,5,410000
Achrafieh,Beirut,Beirut,Apartment,190,3,3,350000
Tilal Ain Saade,El Metn,Mount Lebanon,Apartment,194,3,4,302500
Tilal Ain Saade,El Metn,Mount Lebanon,Apartment,194,3,4,242500
Tilal Ain Saade,El Metn,Mount Lebanon,Apartment,330,3,5,412500
Tilal Ain Saade,El Metn,Mount Lebanon,Apartment,140,3,3,175000
Adma,Kesrouane,Mount Lebanon,Apartment,187,3,4,210000
kfarhbeib,Kesrouane,Mount Lebanon,Apartment,300,3,4,425000
Gherfine,Jbeil,Mount Lebanon,Apartment,125,2,2,125000
Jbeil,Jbeil,Mount Lebanon,Apartment,100,2,2,130000
kfarhbeib,Kesrouane,Mount Lebanon,Apartment,300,3,4,350000
Adma,Kesrouane,Mount Lebanon,Apartment,220,3,4,370000
Adma,Kesrouane,Mount Lebanon,Apartment,211,3,4,390000
Adma,Kesrouane,Mount Lebanon,Apartment,205,3,4,390000
Adma,Kesrouane,Mount Lebanon,Apartment,208,3,4,375000
Monteverde,El Metn,Mount Lebanon,Apartment,230,3,4,375000
Aamchit,Jbeil,Mount Lebanon,Apartment,101,2,1,58000
Achrafieh,Beirut,Beirut,Apartment,190,3,2,425000
Achrafieh,Beirut,Beirut,Apartment,100,2,3,320000
Batroun,Batroun,North,Apartment,140,3,3,168000
Batroun,Batroun,North,Apartment,109,2,2,130000
Dik El Mehdi,El Metn,Mount Lebanon,Apartment,330,5,6,300000
Ain Saadeh,El Metn,Mount Lebanon,Apartment,230,3,5,415000
Achrafieh,Beirut,Beirut,Apartment,300,3,4,1200000
Jdayel,Jbeil,Mount Lebanon,Apartment,165,3,3,155000
Naccache,El Metn,Mount Lebanon,Apartment,209,3,3,285000
Tilal Ain Saade,El Metn,Mount Lebanon,Apartment,170,3,3,162000
Achrafieh,Beirut,Beirut,Apartment,320,4,3,1025000
Achrafieh,Beirut,Beirut,Apartment,230,3,3,690000
Mansourieh,El Metn,Mount Lebanon,Apartment,155,3,3,155000
Qannabet Broumana,El Metn,Mount Lebanon,Apartment,300,3,5,675000
Ras Beirut,Beirut,Beirut,Apartment,274,4,3,849000
Badaro,Beirut,Beirut,Apartment,211,3,2,400000
Down Town,Beirut,Beirut,Apartment,195,2,4,975000
Achrafieh,Beirut,Beirut,Apartment,240,3,3,450000
Zikrit,El Metn,Mount Lebanon,Apartment,180,2,3,150000
Kfaryassine,Kesrouane,Mount Lebanon,Apartment,200,3,3,360000
Mar Takla,Baabda,Mount Lebanon,Apartment,320,3,4,725000
Blat,Jbeil,Mount Lebanon,Apartment,160,3,2,90000
Dekweneh,El Metn,Mount Lebanon,Apartment,190,3,2,135000
Yarzeh,Baabda,Mount Lebanon,Apartment,295,3,5,990000
Yarzeh,Baabda,Mount Lebanon,Apartment,255,3,5,835000
Yarzeh,Baabda,Mount Lebanon,Apartment,255,3,5,700000
Biyada,El Metn,Mount Lebanon,Apartment,300,3,4,580000
Broumana,El Metn,Mount Lebanon,Apartment,180,1,2,500000
Dahr El Sawan,El Metn,Mount Lebanon,Apartment,240,3,4,230000
Dbayeh,El Metn,Mount Lebanon,Apartment,300,3,4,800000
Aamchit,Jbeil,Mount Lebanon,Apartment,85,2,2,55000
Baabda,Baabda,Mount Lebanon,Apartment,270,3,5,650000
Zouk Mosbeh,Kesrouane,Mount Lebanon,Apartment,105,2,2,135000
Halat,Jbeil,Mount Lebanon,Apartment,240,3,3,175000
Jeita,Kesrouane,Mount Lebanon,Apartment,165,3,3,300000
Badaro,Beirut,Beirut,Apartment,185,3,3,500000
Al Jamhour,Baabda,Mount Lebanon,Apartment,320,3,3,535000
Sarba,Kesrouane,Mount Lebanon,Apartment,100,2,2,88000
Achrafieh,Beirut,Beirut,Apartment,379,4,6,1500000
Aatchane,El Metn,Mount Lebanon,Apartment,140,3,3,182000
Mazraat Yachouh,El Metn,Mount Lebanon,Apartment,265,4,4,420000
Antelias,El Metn,Mount Lebanon,Apartment,155,3,2,250000
Hboub,Jbeil,Mount Lebanon,Apartment,300,3,3,275000
Naccache,El Metn,Mount Lebanon,Apartment,240,3,3,250000
Biakout,El Metn,Mount Lebanon,Apartment,135,2,2,115000
Beit Chabeb,El Metn,Mount Lebanon,Apartment,1000,6,4,2200000
Achrafieh,Beirut,Beirut,Apartment,150,3,3,350000
Achrafieh,Beirut,Beirut,Apartment,350,4,4,700000
Edde,Jbeil,Mount Lebanon,Apartment,151,3,3,160000
kfarhbeib,Kesrouane,Mount Lebanon,Apartment,185,3,3,235000
Safra,Kesrouane,Mount Lebanon,Apartment,165,3,3,140000
Hazmieh,Baabda,Mount Lebanon,Apartment,150,3,2,250000
Adonis,Kesrouane,Mount Lebanon,Apartment,200,3,3,140000
Zouk Mosbeh,Kesrouane,Mount Lebanon,Apartment,177,3,3,130000
Dbayeh,El Metn,Mount Lebanon,Apartment,210,3,5,430000
Baabdat,El Metn,Mount Lebanon,Apartment,202,3,3,330000
Ain Al Remmane,Baabda,Mount Lebanon,Apartment,230,3,4,475000
Baabda,Baabda,Mount Lebanon,Apartment,200,3,4,299000
Baabdat,El Metn,Mount Lebanon,Apartment,120,2,2,250000
Monteverde,El Metn,Mount Lebanon,Apartment,240,4,4,500000
Broumana,El Metn,Mount Lebanon,Apartment,125,2,4,280000
Ain Saadeh,El Metn,Mount Lebanon,Apartment,172,3,3,315000
Edde,Jbeil,Mount Lebanon,Apartment,274,4,5,272000
Beit Chabeb,El Metn,Mount Lebanon,Apartment,230,3,2,150000
Achrafieh,Beirut,Beirut,Apartment,109,2,2,250000
Batroun,Batroun,North,Apartment,163,3,2,125000
Jbeil,Jbeil,Mount Lebanon,Apartment,150,3,2,155000
Achrafieh,Beirut,Beirut,Apartment,340,3,4,1050000
Achrafieh,Beirut,Beirut,Apartment,230,2,3,1200000
Mansourieh,El Metn,Mount Lebanon,Apartment,200,3,3,229000
Broumana,El Metn,Mount Lebanon,Apartment,140,3,3,230000
Achrafieh,Beirut,Beirut,Apartment,560,3,4,3000000
Halat,Jbeil,Mount Lebanon,Apartment,300,4,4,230000
Achrafieh,Beirut,Beirut,Apartment,175,2,3,650000
Sahel Alma,Kesrouane,Mount Lebanon,Apartment,185,3,3,260000
Nahr Ibrahim,Jbeil,Mount Lebanon,Apartment,100,2,1,98000
Jounieh,Kesrouane,Mount Lebanon,Apartment,228,3,2,275000
Achrafieh,Beirut,Beirut,Apartment,235,3,3,450000
Hosrayel,Jbeil,Mount Lebanon,Apartment,125,3,2,125000
Hosrayel,Jbeil,Mount Lebanon,Apartment,115,2,2,115000
Achrafieh,Beirut,Beirut,Apartment,170,3,3,450000
Hazmieh,Baabda,Mount Lebanon,Apartment,325,4,5,735000
Hboub,Jbeil,Mount Lebanon,Apartment,150,3,3,155000
Monteverde,El Metn,Mount Lebanon,Apartment,250,4,6,620000
Jbeil,Jbeil,Mount Lebanon,Apartment,110,2,2,120000
Edde,Jbeil,Mount Lebanon,Apartment,240,3,3,175000
Edde,Jbeil,Mount Lebanon,Apartment,122,2,2,125000
Edde,Jbeil,Mount Lebanon,Apartment,150,3,3,185000
Hboub,Jbeil,Mount Lebanon,Apartment,155,3,3,185000
Baabda,Baabda,Mount Lebanon,Apartment,250,2,3,500000
Broumana,El Metn,Mount Lebanon,Apartment,150,3,2,170000
Achrafieh,Beirut,Beirut,Apartment,220,3,3,650000
Jdayel,Jbeil,Mount Lebanon,Apartment,125,2,2,135000
Hboub,Jbeil,Mount Lebanon,Apartment,150,3,3,135000
Monteverde,El Metn,Mount Lebanon,Apartment,180,3,3,300000
Hboub,Jbeil,Mount Lebanon,Apartment,160,3,3,110000
Blat,Jbeil,Mount Lebanon,Apartment,150,3,3,155000
Broumana,El Metn,Mount Lebanon,Apartment,275,3,4,500000
Broumana,El Metn,Mount Lebanon,Apartment,355,3,4,900000
Mar Takla,Baabda,Mount Lebanon,Apartment,180,3,3,280000
Jbeil,Jbeil,Mount Lebanon,Apartment,100,2,2,76000
Blat,Jbeil,Mount Lebanon,Apartment,125,2,2,135000
Rayfoun,Kesrouane,Mount Lebanon,Apartment,165,2,2,290000
Hboub,Jbeil,Mount Lebanon,Apartment,192,4,5,160000
Fanar,El Metn,Mount Lebanon,Apartment,155,3,3,135000
Edde,Jbeil,Mount Lebanon,Apartment,170,3,2,155000
Jbeil,Jbeil,Mount Lebanon,Apartment,110,2,2,137500
Bsalim,El Metn,Mount Lebanon,Apartment,135,3,0,165000
Hboub,Jbeil,Mount Lebanon,Apartment,145,3,2,115000
Fatqa,Kesrouane,Mount Lebanon,Apartment,265,3,4,145000
Mtayleb,El Metn,Mount Lebanon,Apartment,340,4,4,700000
Mtayleb,El Metn,Mount Lebanon,Apartment,300,3,3,380000
Batroun,Batroun,North,Apartment,135,2,2,150000
Ghazir,Kesrouane,Mount Lebanon,Apartment,168,3,3,190000
Antelias,El Metn,Mount Lebanon,Apartment,170,3,3,440000
Blat,Jbeil,Mount Lebanon,Apartment,100,2,2,144000
Basbina,Batroun,North,Apartment,150,3,2,150000
Zouk Mosbeh,Kesrouane,Mount Lebanon,Apartment,170,2,2,90000
Batroun,Batroun,North,Apartment,115,2,2,125000
Horsh Tabet,El Metn,Mount Lebanon,Apartment,325,3,3,460000
Achrafieh,Beirut,Beirut,Apartment,180,3,2,350000
Biyada,El Metn,Mount Lebanon,Apartment,560,3,4,1200000
Jbeil,Jbeil,Mount Lebanon,Apartment,150,2,3,180000
Batroun,Batroun,North,Apartment,153,3,3,150000
New Mar Takla,Baabda,Mount Lebanon,Apartment,240,3,4,550000
Achrafieh,Beirut,Beirut,Apartment,180,2,3,700000
Ras Beirut,Beirut,Beirut,Apartment,159,3,4,300000
Shayle,Kesrouane,Mount Lebanon,Apartment,110,2,2,96000
Ain Aar,El Metn,Mount Lebanon,Apartment,280,3,4,310000
kfarhbeib,Kesrouane,Mount Lebanon,Apartment,200,3,3,450000
Hboub,Jbeil,Mount Lebanon,Apartment,140,3,3,150000
Achrafieh,Beirut,Beirut,Apartment,660,4,4,1500000
Mansourieh,El Metn,Mount Lebanon,Apartment,170,3,2,150000
Biyada,El Metn,Mount Lebanon,Apartment,360,4,6,775000
Biyada,El Metn,Mount Lebanon,Apartment,325,3,4,775000
Dbayeh,El Metn,Mount Lebanon,Apartment,180,3,3,730000
Down Town,Beirut,Beirut,Apartment,282,2,3,2200000
Gherfine,Jbeil,Mount Lebanon,Apartment,105,2,2,77000
Beit el Chaar,El Metn,Mount Lebanon,Apartment,220,3,3,245000
Down Town,Beirut,Beirut,Apartment,573,4,6,4500000
Achrafieh,Beirut,Beirut,Apartment,617,5,5,4500000
Achrafieh,Beirut,Beirut,Apartment,160,3,3,400000
Achrafieh,Beirut,Beirut,Apartment,145,2,2,363000
Badaro,Beirut,Beirut,Apartment,253,4,3,325000
Badaro,Beirut,Beirut,Apartment,185,3,2,350000
Jbeil,Jbeil,Mount Lebanon,Apartment,160,3,3,195000
Nahr Ibrahim,Jbeil,Mount Lebanon,Apartment,120,2,2,110000
Achrafieh,Beirut,Beirut,Apartment,225,3,3,650000
Achrafieh,Beirut,Beirut,Apartment,482,4,3,650000
Badaro,Beirut,Beirut,Apartment,170,3,3,375000
Blat,Jbeil,Mount Lebanon,Apartment,150,3,3,185000
Naccache,El Metn,Mount Lebanon,Apartment,200,3,3,300000
Jbeil,Jbeil,Mount Lebanon,Apartment,270,3,3,210000
Zikrit,El Metn,Mount Lebanon,Apartment,315,3,4,425000
Zikrit,El Metn,Mount Lebanon,Apartment,200,3,3,275000
Zikrit,El Metn,Mount Lebanon,Apartment,326,3,3,400000
Zikrit,El Metn,Mount Lebanon,Apartment,226,3,3,275000
Jnah,Beirut,Beirut,Apartment,525,4,5,1200000
Achrafieh,Beirut,Beirut,Apartment,160,3,3,370000
Jal el Dib,El Metn,Mount Lebanon,Apartment,200,3,2,330000
Achrafieh,Beirut,Beirut,Apartment,200,3,3,350000
Achrafieh,Beirut,Beirut,Apartment,195,3,2,400000
Achrafieh,Beirut,Beirut,Apartment,110,2,2,300000
Achrafieh,Beirut,Beirut,Apartment,128,2,2,270000
Batroun,Batroun,North,Apartment,200,3,4,300000
Achrafieh,Beirut,Beirut,Apartment,155,3,3,600000
Halat,Jbeil,Mount Lebanon,Apartment,160,3,3,160000
Aamchit,Jbeil,Mount Lebanon,Apartment,100,2,2,100000
Jounieh,Kesrouane,Mount Lebanon,Apartment,235,3,3,210000
Biyada,El Metn,Mount Lebanon,Apartment,500,4,5,1000000
Rabieh,El Metn,Mount Lebanon,Apartment,320,3,4,460000
Ras Beirut,Beirut,Beirut,Apartment,425,4,3,895000
Betchay,Baabda,Mount Lebanon,Apartment,235,3,5,380000
Achrafieh,Beirut,Beirut,Apartment,90,1,2,300000
Dik El Mehdi,El Metn,Mount Lebanon,Apartment,235,3,4,300000
Naccache,El Metn,Mount Lebanon,Apartment,155,3,3,180000
Ain Al Remmane,Baabda,Mount Lebanon,Apartment,180,4,2,160000
Jbeil,Jbeil,Mount Lebanon,Apartment,155,2,2,160000
Achrafieh,Beirut,Beirut,Apartment,300,0,0,900000
Achrafieh,Beirut,Beirut,Apartment,190,2,3,520000
Naccache,El Metn,Mount Lebanon,Apartment,212,3,3,310000
Naccache,El Metn,Mount Lebanon,Apartment,300,4,3,550000
Broumana,El Metn,Mount Lebanon,Apartment,450,4,6,1200000
Ras Beirut,Beirut,Beirut,Apartment,380,4,3,1100000
Achrafieh,Beirut,Beirut,Apartment,250,3,4,700000
Achrafieh,Beirut,Beirut,Apartment,500,4,4,2200000
Jbeil,Jbeil,Mount Lebanon,Apartment,168,3,3,175000
Mansourieh,El Metn,Mount Lebanon,Apartment,145,3,2,145000
Jbeil,Jbeil,Mount Lebanon,Apartment,208,3,3,208000
Jbeil,Jbeil,Mount Lebanon,Apartment,208,3,3,280000
Batroun,Batroun,North,Apartment,98,3,1,250000
Batroun,Batroun,North,Apartment,157,3,2,120000
Naccache,El Metn,Mount Lebanon,Apartment,220,3,3,250000
Batroun,Batroun,North,Apartment,225,3,2,154000
Mtayleb,El Metn,Mount Lebanon,Apartment,280,3,3,350000
Louaize,Baabda,Mount Lebanon,Apartment,190,2,3,250000
Louaize,Baabda,Mount Lebanon,Apartment,170,3,3,225000
Louaize,Baabda,Mount Lebanon,Apartment,190,3,3,250000
Dbayeh,El Metn,Mount Lebanon,Apartment,150,2,2,150000
Rabweh,El Metn,Mount Lebanon,Apartment,220,3,3,185000
Achrafieh,Beirut,Beirut,Apartment,186,3,4,650000
Achrafieh,Beirut,Beirut,Apartment,168,3,4,600000
Hboub,Jbeil,Mount Lebanon,Apartment,150,3,3,138000
Achrafieh,Beirut,Beirut,Apartment,175,3,2,350000
Achrafieh,Beirut,Beirut,Apartment,140,2,2,200000
Down Town,Beirut,Beirut,Apartment,170,2,3,800000
Fatqa,Kesrouane,Mount Lebanon,Apartment,380,3,5,330000
Adma,Kesrouane,Mount Lebanon,Apartment,170,3,4,240000
Batroun,Batroun,North,Apartment,155,4,3,160000
Batroun,Batroun,North,Apartment,132,3,2,140000
Halat,Jbeil,Mount Lebanon,Apartment,155,3,3,130000
Aamchit,Jbeil,Mount Lebanon,Apartment,186,2,2,105000
Mansourieh,El Metn,Mount Lebanon,Apartment,250,3,3,195000
Mansourieh,El Metn,Mount Lebanon,Apartment,750,4,5,1900000
Hboub,Jbeil,Mount Lebanon,Apartment,208,3,3,205000
Shayle,Kesrouane,Mount Lebanon,Apartment,170,3,3,170000
Mar Takla,Baabda,Mount Lebanon,Apartment,100,2,2,275000
Adma,Kesrouane,Mount Lebanon,Apartment,155,3,4,200000
Blat,Jbeil,Mount Lebanon,Apartment,145,3,2,125000
Achrafieh,Beirut,Beirut,Apartment,55,1,1,210000
Achrafieh,Beirut,Beirut,Apartment,115,1,1,445000
Horsh Tabet,El Metn,Mount Lebanon,Apartment,330,3,5,930000
Jbeil,Jbeil,Mount Lebanon,Apartment,55,2,0,90000
Jbeil,Jbeil,Mount Lebanon,Apartment,68,1,1,55000
Ras Beirut,Beirut,Beirut,Apartment,174,3,3,690000
Achrafieh,Beirut,Beirut,Apartment,300,3,3,1100000
Al Jamhour,Baabda,Mount Lebanon,Apartment,310,3,5,650000
Blat,Jbeil,Mount Lebanon,Apartment,158,3,3,192000
Batroun,Batroun,North,Apartment,700,3,5,400000
Blat,Jbeil,Mount Lebanon,Apartment,138,3,3,165000
Batroun,Batroun,North,Apartment,70,1,1,88000
Batroun,Batroun,North,Apartment,70,1,1,95000
Baabda,Baabda,Mount Lebanon,Apartment,330,4,7,800000
Baabda,Baabda,Mount Lebanon,Apartment,500,4,7,900000
Jouret Al Ballout,El Metn,Mount Lebanon,Apartment,150,3,2,199000
Jouret Al Ballout,El Metn,Mount Lebanon,Apartment,150,3,2,179000
kfarhbeib,Kesrouane,Mount Lebanon,Apartment,171,3,3,250000
Batroun,Batroun,North,Apartment,122,3,3,175000
Achrafieh,Beirut,Beirut,Apartment,230,3,3,460000
Blat,Jbeil,Mount Lebanon,Apartment,127,2,2,135000
Achrafieh,Beirut,Beirut,Apartment,373,4,5,1120000
Batroun,Batroun,North,Apartment,125,2,2,105000
Monteverde,El Metn,Mount Lebanon,Apartment,215,3,5,445000
Hboub,Jbeil,Mount Lebanon,Apartment,118,2,2,115000
Broumana,El Metn,Mount Lebanon,Apartment,140,2,3,250000
Al Jamhour,Baabda,Mount Lebanon,Apartment,210,3,4,340000
Rabieh,El Metn,Mount Lebanon,Apartment,340,3,4,550000
okaybe,Kesrouane,Mount Lebanon,Apartment,135,2,2,85000
Mazraat Yachouh,El Metn,Mount Lebanon,Apartment,310,4,4,550000
Sahel Alma,Kesrouane,Mount Lebanon,Apartment,250,3,3,160000
Mazraat Yachouh,El Metn,Mount Lebanon,Apartment,320,4,4,650000
Mazraat Yachouh,El Metn,Mount Lebanon,Apartment,320,4,4,650000
Hboub,Jbeil,Mount Lebanon,Apartment,180,3,3,155000
Jal el Dib,El Metn,Mount Lebanon,Apartment,260,4,4,265000
Halat,Jbeil,Mount Lebanon,Apartment,140,3,3,150000
Hboub,Jbeil,Mount Lebanon,Apartment,130,2,2,195000
Nabey,El Metn,Mount Lebanon,Apartment,140,3,2,168000
Nabey,El Metn,Mount Lebanon,Apartment,125,2,2,150000
Nabey,El Metn,Mount Lebanon,Apartment,205,3,3,246000
Achrafieh,Beirut,Beirut,Apartment,380,4,5,1050000
Achrafieh,Beirut,Beirut,Apartment,212,3,2,580000
Safra,Kesrouane,Mount Lebanon,Apartment,105,2,2,85000
Ghedras,Kesrouane,Mount Lebanon,Apartment,240,3,3,120000
Bhorsaf,El Metn,Mount Lebanon,Apartment,170,2,2,135000
Achrafieh,Beirut,Beirut,Apartment,370,3,4,1800000
Achrafieh,Beirut,Beirut,Apartment,500,4,5,2000000
Louaize,Baabda,Mount Lebanon,Apartment,427,4,5,750000
kfarhbeib,Kesrouane,Mount Lebanon,Apartment,260,3,5,450000
Fiyadiye,Baabda,Mount Lebanon,Apartment,137,2,4,160000
Down Town,Beirut,Beirut,Apartment,235,2,3,1200000
Aatchane,El Metn,Mount Lebanon,Apartment,130,3,3,209000
Aatchane,El Metn,Mount Lebanon,Apartment,136,3,3,242500
Aatchane,El Metn,Mount Lebanon,Apartment,137,3,3,205500
Baabdat,El Metn,Mount Lebanon,Apartment,180,3,3,140000
Tabarja,Kesrouane,Mount Lebanon,Apartment,110,2,2,550000
Jbeil,Jbeil,Mount Lebanon,Apartment,120,2,2,135000
Mastita,Jbeil,Mount Lebanon,Apartment,145,3,2,120000
Antelias,El Metn,Mount Lebanon,Apartment,170,2,3,120000
New Rawda,El Metn,Mount Lebanon,Apartment,150,3,2,125000
Kaslik,Kesrouane,Mount Lebanon,Apartment,160,2,2,215000
Aamchit,Jbeil,Mount Lebanon,Apartment,138,2,2,90000
Dik El Mehdi,El Metn,Mount Lebanon,Apartment,205,3,3,310000
Rabweh,El Metn,Mount Lebanon,Apartment,300,3,4,600000
Douar,El Metn,Mount Lebanon,Apartment,130,3,2,109000
Mazraat Yachouh,El Metn,Mount Lebanon,Apartment,250,3,4,430000
Achrafieh,Beirut,Beirut,Apartment,280,3,4,900000
Achrafieh,Beirut,Beirut,Apartment,150,2,3,500000
Bouchrieh,El Metn,Mount Lebanon,Apartment,330,3,3,270000
Ras Beirut,Beirut,Beirut,Apartment,350,3,3,850000
Batroun,Batroun,North,Apartment,150,3,2,105000
Batroun,Batroun,North,Apartment,175,3,3,175000
Baabda,Baabda,Mount Lebanon,Apartment,300,3,5,850000
Ras Beirut,Beirut,Beirut,Apartment,280,3,3,795000
Monteverde,El Metn,Mount Lebanon,Apartment,486,4,7,820000
Zouk Mikael,Kesrouane,Mount Lebanon,Apartment,130,2,2,156000
Halat,Jbeil,Mount Lebanon,Apartment,180,3,4,165000
Jal el Dib,El Metn,Mount Lebanon,Apartment,130,3,3,175000
Ain Saadeh,El Metn,Mount Lebanon,Apartment,200,4,4,325000
Ras Beirut,Beirut,Beirut,Apartment,323,4,5,1200000
Monteverde,El Metn,Mount Lebanon,Apartment,200,3,4,400000
Batroun,Batroun,North,Apartment,125,2,3,235000
Ain Saadeh,El Metn,Mount Lebanon,Apartment,315,2,3,410000
Ain Saadeh,El Metn,Mount Lebanon,Apartment,350,3,4,390000
Achrafieh,Beirut,Beirut,Apartment,185,3,3,450000
Ras Beirut,Beirut,Beirut,Apartment,410,3,4,1200000
Achrafieh,Beirut,Beirut,Apartment,170,3,3,400000
Achrafieh,Beirut,Beirut,Apartment,185,2,4,675000
Mansourieh,El Metn,Mount Lebanon,Apartment,200,3,3,220000
Mansourieh,El Metn,Mount Lebanon,Apartment,190,3,3,250000
Jbeil,Jbeil,Mount Lebanon,Apartment,180,2,2,625000
Hboub,Jbeil,Mount Lebanon,Apartment,165,3,3,150000
Jbeil,Jbeil,Mount Lebanon,Apartment,140,3,3,140000
Hboub,Jbeil,Mount Lebanon,Apartment,180,3,4,205000
Mansourieh,El Metn,Mount Lebanon,Apartment,105,2,3,195000
Mar Takla,Baabda,Mount Lebanon,Apartment,130,2,3,160000
Monteverde,El Metn,Mount Lebanon,Apartment,300,3,4,750000
Jbeil,Jbeil,Mount Lebanon,Apartment,155,3,3,171000
Fatqa,Kesrouane,Mount Lebanon,Apartment,245,4,4,245000
Achrafieh,Beirut,Beirut,Apartment,241,0,0,650000
Bentaael,Jbeil,Mount Lebanon,Apartment,180,3,3,175000
Baabdat,El Metn,Mount Lebanon,Apartment,240,3,4,375000
Baabdat,El Metn,Mount Lebanon,Apartment,170,3,4,260000
Monteverde,El Metn,Mount Lebanon,Apartment,210,3,4,440000
Monteverde,El Metn,Mount Lebanon,Apartment,314,3,6,690000
Monteverde,El Metn,Mount Lebanon,Apartment,190,3,4,465000
Halat,Jbeil,Mount Lebanon,Apartment,115,2,3,95000
Halat,Jbeil,Mount Lebanon,Apartment,310,4,3,350000
Beit Meri,El Metn,Mount Lebanon,Apartment,110,2,3,165000
Beit Meri,El Metn,Mount Lebanon,Apartment,170,3,4,328000
Beit Meri,El Metn,Mount Lebanon,Apartment,170,3,4,258400
Aamchit,Jbeil,Mount Lebanon,Apartment,160,3,3,220000
Achrafieh,Beirut,Beirut,Apartment,250,3,3,370000
Ain El Rimmaneh,Aley,Mount Lebanon,Apartment,162,3,3,250000
Baabdat,El Metn,Mount Lebanon,Apartment,160,3,3,200000
Aamchit,Jbeil,Mount Lebanon,Apartment,100,2,1,80000
Monteverde,El Metn,Mount Lebanon,Apartment,390,4,6,850000
Mansourieh,El Metn,Mount Lebanon,Apartment,180,3,4,200000
Mansourieh,El Metn,Mount Lebanon,Apartment,130,2,2,150000
Mansourieh,El Metn,Mount Lebanon,Apartment,122,2,3,208000
Fatqa,Kesrouane,Mount Lebanon,Apartment,100,2,2,95000
Zalka,El Metn,Mount Lebanon,Apartment,165,3,2,154000
Jounieh,Kesrouane,Mount Lebanon,Apartment,250,3,3,385000
Baabdat,El Metn,Mount Lebanon,Apartment,110,2,3,230000
Mar Moussa,El Metn,Mount Lebanon,Apartment,160,3,2,220000
Blat,Jbeil,Mount Lebanon,Apartment,110,2,2,135000
Dbayeh,El Metn,Mount Lebanon,Apartment,300,3,3,400000
Shayle,Kesrouane,Mount Lebanon,Apartment,188,3,3,245000
Dbayeh,El Metn,Mount Lebanon,Apartment,180,2,3,750000
Bsalim,El Metn,Mount Lebanon,Apartment,155,3,3,250000
Shayle,Kesrouane,Mount Lebanon,Apartment,300,3,4,250000
Aamchit,Jbeil,Mount Lebanon,Apartment,120,2,2,85000
Jbeil,Jbeil,Mount Lebanon,Apartment,220,3,3,250000
Batroun,Batroun,North,Apartment,165,3,3,140000
Ras Beirut,Beirut,Beirut,Apartment,257,4,3,240000
Aatchane,El Metn,Mount Lebanon,Apartment,270,3,3,700000
kfarhbeib,Kesrouane,Mount Lebanon,Apartment,240,3,5,550000
kfarhbeib,Kesrouane,Mount Lebanon,Apartment,240,3,5,450000
kfarhbeib,Kesrouane,Mount Lebanon,Apartment,245,3,5,500000
Mechmech,Jbeil,Mount Lebanon,Apartment,100,2,2,90000
Aamchit,Jbeil,Mount Lebanon,Apartment,150,3,2,145000
Aoukar,El Metn,Mount Lebanon,Apartment,350,3,5,245000
Haret Sakher,Kesrouane,Mount Lebanon,Apartment,220,3,3,160000
Jeita,Kesrouane,Mount Lebanon,Apartment,200,2,5,285000
Badaro,Beirut,Beirut,Apartment,350,3,6,800000
Monteverde,El Metn,Mount Lebanon,Apartment,211,3,3,353500
Monteverde,El Metn,Mount Lebanon,Apartment,207,3,3,363500
Ras Beirut,Beirut,Beirut,Apartment,245,4,3,800000
Monteverde,El Metn,Mount Lebanon,Apartment,211,3,3,316500
Monteverde,El Metn,Mount Lebanon,Apartment,207,3,3,403000
Monteverde,El Metn,Mount Lebanon,Apartment,360,4,5,648000
Monteverde,El Metn,Mount Lebanon,Apartment,309,4,5,600600
Adma,Kesrouane,Mount Lebanon,Apartment,160,3,3,180000
Ras Beirut,Beirut,Beirut,Apartment,190,3,2,385000
Adma,Kesrouane,Mount Lebanon,Apartment,200,3,4,250000
Achrafieh,Beirut,Beirut,Apartment,140,3,2,180000
Aamchit,Jbeil,Mount Lebanon,Apartment,202,3,4,225000
Jbeil,Jbeil,Mount Lebanon,Apartment,150,3,2,165000
Halat,Jbeil,Mount Lebanon,Apartment,146,2,2,150000
Jdeideh,El Metn,Mount Lebanon,Apartment,190,3,3,225000
Aamchit,Jbeil,Mount Lebanon,Apartment,105,3,2,80000
Aamchit,Jbeil,Mount Lebanon,Apartment,150,2,3,185000
Jbeil,Jbeil,Mount Lebanon,Apartment,300,3,3,250000
Jdayel,Jbeil,Mount Lebanon,Apartment,133,3,3,185000
Jdayel,Jbeil,Mount Lebanon,Apartment,133,3,3,190000
Rabieh,El Metn,Mount Lebanon,Apartment,175,3,3,225000
Beit Meri,El Metn,Mount Lebanon,Apartment,180,3,3,235000
Jbeil,Jbeil,Mount Lebanon,Apartment,174,3,3,185000
Baabda,Baabda,Mount Lebanon,Apartment,500,4,6,1700000
Beit El Kikko,El Metn,Mount Lebanon,Apartment,125,2,2,129000
Baabdat,El Metn,Mount Lebanon,Apartment,270,3,3,280000
Hosrayel,Jbeil,Mount Lebanon,Apartment,120,3,3,120000
Monteverde,El Metn,Mount Lebanon,Apartment,180,3,4,380000
Adma,Kesrouane,Mount Lebanon,Apartment,180,3,3,320000
Achrafieh,Beirut,Beirut,Apartment,105,2,3,315000
Shayle,Kesrouane,Mount Lebanon,Apartment,185,3,3,250000
Adma,Kesrouane,Mount Lebanon,Apartment,327,3,4,700000
Hboub,Jbeil,Mount Lebanon,Apartment,150,3,2,155000
Ras Beirut,Beirut,Beirut,Apartment,350,4,4,650000
Beit Meri,El Metn,Mount Lebanon,Apartment,180,3,3,277000
Beit Meri,El Metn,Mount Lebanon,Apartment,220,3,3,300000
Ras Beirut,Beirut,Beirut,Apartment,340,3,3,800000
Rabieh,El Metn,Mount Lebanon,Apartment,1200,5,8,2400000
Dik El Mehdi,El Metn,Mount Lebanon,Apartment,250,3,4,270000
Shayle,Kesrouane,Mount Lebanon,Apartment,214,3,3,200000
Jnah,Beirut,Beirut,Apartment,350,4,4,2000000
Hboub,Jbeil,Mount Lebanon,Apartment,105,2,2,95000
Mansourieh,El Metn,Mount Lebanon,Apartment,200,3,3,230000
Mansourieh,El Metn,Mount Lebanon,Apartment,80,1,1,140000
Mansourieh,El Metn,Mount Lebanon,Apartment,400,4,4,500000
Mansourieh,El Metn,Mount Lebanon,Apartment,200,3,3,250000
Kaslik,Kesrouane,Mount Lebanon,Apartment,300,4,3,600000
Halat,Jbeil,Mount Lebanon,Apartment,110,2,2,100000
Klayaat,Kesrouane,Mount Lebanon,Apartment,165,3,3,95000
Ras Beirut,Beirut,Beirut,Apartment,215,3,2,500000
Dik El Mehdi,El Metn,Mount Lebanon,Apartment,225,4,4,280000
Blat,Jbeil,Mount Lebanon,Apartment,300,4,4,170000
Mar Takla,Baabda,Mount Lebanon,Apartment,120,1,2,128000
Qartaboun,Jbeil,Mount Lebanon,Apartment,148,3,3,150000
Braij,Jbeil,Mount Lebanon,Apartment,115,2,2,100000
Baabdat,El Metn,Mount Lebanon,Apartment,320,3,6,425000
Blat,Jbeil,Mount Lebanon,Apartment,140,3,3,125000
Hboub,Jbeil,Mount Lebanon,Apartment,210,3,3,200000
Achrafieh,Beirut,Beirut,Apartment,120,2,2,480000
Ras Beirut,Beirut,Beirut,Apartment,280,3,3,500000
Achrafieh,Beirut,Beirut,Apartment,94,2,2,275000
Jdayel,Jbeil,Mount Lebanon,Apartment,125,3,2,100000
Ras Beirut,Beirut,Beirut,Apartment,140,3,2,240000
Aatchane,El Metn,Mount Lebanon,Apartment,266,4,5,580000
Klayaat,Kesrouane,Mount Lebanon,Apartment,300,3,4,250000
Adma,Kesrouane,Mount Lebanon,Apartment,300,4,4,420000
Antelias,El Metn,Mount Lebanon,Apartment,100,2,2,160000
Kfar Aabida,Batroun,North,Apartment,112,2,2,135000
Achrafieh,Beirut,Beirut,Apartment,277,4,3,650000
Yarzeh,Baabda,Mount Lebanon,Apartment,215,3,5,700000
Mansourieh,El Metn,Mount Lebanon,Apartment,400,3,4,269000
Jouret Al Ballout,El Metn,Mount Lebanon,Apartment,127,3,3,135000
Jouret Al Ballout,El Metn,Mount Lebanon,Apartment,120,2,2,215000
Jbeil,Jbeil,Mount Lebanon,Apartment,208,3,4,250000
Halat,Jbeil,Mount Lebanon,Apartment,265,3,4,275000
Dekweneh,El Metn,Mount Lebanon,Apartment,200,3,3,280000
Jounieh,Kesrouane,Mount Lebanon,Apartment,165,3,2,125000
Antelias,El Metn,Mount Lebanon,Apartment,175,3,3,250000
Achrafieh,Beirut,Beirut,Apartment,150,3,3,330000
Jbeil,Jbeil,Mount Lebanon,Apartment,135,3,2,120000
Achrafieh,Beirut,Beirut,Apartment,224,3,4,900000
Halat,Jbeil,Mount Lebanon,Apartment,220,2,3,185000
Nahr Ibrahim,Jbeil,Mount Lebanon,Apartment,1000,5,4,300000
Jal el Dib,El Metn,Mount Lebanon,Apartment,230,4,5,220000
Achrafieh,Beirut,Beirut,Apartment,210,3,4,700000
Zouk Mosbeh,Kesrouane,Mount Lebanon,Apartment,145,3,3,160000
Basbina,Batroun,North,Apartment,120,2,2,150000
Basbina,Batroun,North,Apartment,120,2,2,120000
Basbina,Batroun,North,Apartment,121,2,2,125000
Basbina,Batroun,North,Apartment,136,3,3,135000
Achrafieh,Beirut,Beirut,Apartment,270,3,4,475000
Adma,Kesrouane,Mount Lebanon,Apartment,320,3,4,500000
Gherfine,Jbeil,Mount Lebanon,Apartment,160,3,3,275000
kfarhbeib,Kesrouane,Mount Lebanon,Apartment,208,3,4,370000
Sahel Alma,Kesrouane,Mount Lebanon,Apartment,252,3,5,600000
Zouk Mosbeh,Kesrouane,Mount Lebanon,Apartment,250,3,2,375000
Zouk Mosbeh,Kesrouane,Mount Lebanon,Apartment,163,3,3,125000
Achrafieh,Beirut,Beirut,Apartment,170,3,3,440000
Achrafieh,Beirut,Beirut,Apartment,220,2,3,750000
Achrafieh,Beirut,Beirut,Apartment,250,4,3,425000
Fanar,El Metn,Mount Lebanon,Apartment,250,3,3,350000
Dbayeh,El Metn,Mount Lebanon,Apartment,465,4,7,2500000
Adma,Kesrouane,Mount Lebanon,Apartment,170,3,3,135000
Batroun,Batroun,North,Apartment,150,3,2,120000
kfarhbeib,Kesrouane,Mount Lebanon,Apartment,220,3,4,320000
Baabdat,El Metn,Mount Lebanon,Apartment,330,3,4,475000
Mechmech,Jbeil,Mount Lebanon,Apartment,425,4,4,350000
Mar Takla,Baabda,Mount Lebanon,Apartment,310,3,4,625000
Bolonia,El Metn,Mount Lebanon,Apartment,95,1,2,85000
Beit Chabeb,El Metn,Mount Lebanon,Apartment,600,6,2,560000
Rabweh,El Metn,Mount Lebanon,Apartment,280,4,3,300000
kfarhbeib,Kesrouane,Mount Lebanon,Apartment,300,3,4,650000
Aamchit,Jbeil,Mount Lebanon,Apartment,200,3,3,170000
Achrafieh,Beirut,Beirut,Apartment,160,2,3,350000
Fatqa,Kesrouane,Mount Lebanon,Apartment,300,3,3,240000
Beit Meri,El Metn,Mount Lebanon,Apartment,300,3,3,500000
Batroun,Batroun,North,Apartment,150,3,3,110000
Ras Beirut,Beirut,Beirut,Apartment,170,3,2,1200000
Aamchit,Jbeil,Mount Lebanon,Apartment,140,3,2,140000
Adma,Kesrouane,Mount Lebanon,Apartment,480,4,5,950000
Achrafieh,Beirut,Beirut,Apartment,142,2,2,220000
Fatqa,Kesrouane,Mount Lebanon,Apartment,300,3,4,250000
Down Town,Beirut,Beirut,Apartment,270,3,3,1350000
Zikrit,El Metn,Mount Lebanon,Apartment,148,3,2,150000
Aamchit,Jbeil,Mount Lebanon,Apartment,145,3,2,100000
Shayle,Kesrouane,Mount Lebanon,Apartment,140,3,2,125000
Achrafieh,Beirut,Beirut,Apartment,171,3,3,260000
Ras Beirut,Beirut,Beirut,Apartment,230,3,3,900000
Dbayeh,El Metn,Mount Lebanon,Apartment,450,3,4,825000
Bsalim,El Metn,Mount Lebanon,Apartment,210,3,4,375000
Safra,Kesrouane,Mount Lebanon,Apartment,200,3,3,275000
Louaize,Baabda,Mount Lebanon,Apartment,215,3,4,385000
Ajaltoun,Kesrouane,Mount Lebanon,Apartment,250,3,3,150000
Achrafieh,Beirut,Beirut,Apartment,350,3,3,800000
Badaro,Beirut,Beirut,Apartment,400,4,3,900000
Aamchit,Jbeil,Mount Lebanon,Apartment,220,3,4,300000
Down Town,Beirut,Beirut,Apartment,280,3,4,1200000
Blat,Jbeil,Mount Lebanon,Apartment,120,2,2,100000
Ras Beirut,Beirut,Beirut,Apartment,420,3,4,1800000
Blat,Jbeil,Mount Lebanon,Apartment,220,3,2,100000
Bouar,Kesrouane,Mount Lebanon,Apartment,220,3,3,120000
kfarhbeib,Kesrouane,Mount Lebanon,Apartment,322,3,4,330000
kfarhbeib,Kesrouane,Mount Lebanon,Apartment,250,4,5,380000
kfarhbeib,Kesrouane,Mount Lebanon,Apartment,200,3,4,300000
kfarhbeib,Kesrouane,Mount Lebanon,Apartment,160,3,4,240000
Blat,Jbeil,Mount Lebanon,Apartment,140,3,3,130000
Down Town,Beirut,Beirut,Apartment,137,1,2,620000
Down Town,Beirut,Beirut,Apartment,255,3,3,1250000
Yarzeh,Baabda,Mount Lebanon,Apartment,720,5,7,1600000
Broumana,El Metn,Mount Lebanon,Apartment,278,3,3,300000
Bsalim,El Metn,Mount Lebanon,Apartment,330,3,5,525000
Zouk Mosbeh,Kesrouane,Mount Lebanon,Apartment,150,3,3,145000
kfarhbeib,Kesrouane,Mount Lebanon,Apartment,220,3,5,300000
Badaro,Beirut,Beirut,Apartment,420,4,3,1070000
Halat,Jbeil,Mount Lebanon,Apartment,120,2,2,165000
Badaro,Beirut,Beirut,Apartment,240,3,3,500000
Hboub,Jbeil,Mount Lebanon,Apartment,275,3,4,350000
Fakra,Kesrouane,Mount Lebanon,Apartment,130,2,3,215000
Achrafieh,Beirut,Beirut,Apartment,200,2,3,520000
kfarhbeib,Kesrouane,Mount Lebanon,Apartment,230,3,3,290000
Aamchit,Jbeil,Mount Lebanon,Apartment,190,3,3,210000
Badaro,Beirut,Beirut,Apartment,206,3,2,550000
Jounieh,Kesrouane,Mount Lebanon,Apartment,260,5,5,560000
Jounieh,Kesrouane,Mount Lebanon,Apartment,185,4,4,390000
Mastita,Jbeil,Mount Lebanon,Apartment,190,3,2,170000
Down Town,Beirut,Beirut,Apartment,120,1,2,650000
Biyada,El Metn,Mount Lebanon,Apartment,240,3,4,390000
Achrafieh,Beirut,Beirut,Apartment,125,2,2,280000
Beit el Chaar,El Metn,Mount Lebanon,Apartment,318,3,4,450000
Batroun,Batroun,North,Apartment,206,3,3,309000
Batroun,Batroun,North,Apartment,124,3,2,213000
Fanar,El Metn,Mount Lebanon,Apartment,600,6,5,400000
Adma,Kesrouane,Mount Lebanon,Apartment,255,3,4,380000
Braij,Jbeil,Mount Lebanon,Apartment,115,2,2,104000
Achrafieh,Beirut,Beirut,Apartment,210,3,4,575000
Achrafieh,Beirut,Beirut,Apartment,250,3,4,850000
Achrafieh,Beirut,Beirut,Apartment,415,4,5,1600000
Adma,Kesrouane,Mount Lebanon,Apartment,175,3,4,200000
Achrafieh,Beirut,Beirut,Apartment,100,1,1,225000
Fanar,El Metn,Mount Lebanon,Apartment,400,4,3,275000
Ain Saadeh,El Metn,Mount Lebanon,Apartment,240,3,3,275000
Down Town,Beirut,Beirut,Apartment,860,5,6,8000000
Shayle,Kesrouane,Mount Lebanon,Apartment,220,3,4,220000
Adma,Kesrouane,Mount Lebanon,Apartment,275,3,5,990000
Down Town,Beirut,Beirut,Apartment,347,3,4,1500000
Sin El Fil,El Metn,Mount Lebanon,Apartment,125,2,2,225000
Adma,Kesrouane,Mount Lebanon,Apartment,160,3,4,257000
Bouar,Kesrouane,Mount Lebanon,Apartment,120,2,2,132000
Achrafieh,Beirut,Beirut,Apartment,380,3,4,1600000
Kaslik,Kesrouane,Mount Lebanon,Apartment,225,3,4,270000
Sahel Alma,Kesrouane,Mount Lebanon,Apartment,225,3,5,365000
Aamchit,Jbeil,Mount Lebanon,Apartment,135,2,2,180000
Achrafieh,Beirut,Beirut,Apartment,240,3,4,550000
Furn El Chebbak,Baabda,Mount Lebanon,Apartment,330,3,4,240000
Mar Takla,Baabda,Mount Lebanon,Apartment,350,3,4,650000
Ras Beirut,Beirut,Beirut,Apartment,482,4,5,1800000
Ras Beirut,Beirut,Beirut,Apartment,148,3,3,420000
Achrafieh,Beirut,Beirut,Apartment,230,3,3,750000
Mtayleb,El Metn,Mount Lebanon,Apartment,220,2,4,240000
Maaysra,Kesrouane,Mount Lebanon,Apartment,120,2,2,150000
Down Town,Beirut,Beirut,Apartment,473,4,6,3500000
Batroun,Batroun,North,Apartment,136,2,2,135000
Mtayleb,El Metn,Mount Lebanon,Apartment,340,3,4,395000
Adonis,Kesrouane,Mount Lebanon,Apartment,350,3,4,250000
Shayle,Kesrouane,Mount Lebanon,Apartment,120,2,2,120000
Achkout,Kesrouane,Mount Lebanon,Apartment,115,2,2,100000
Ras El Nabeh,Beirut,Beirut,Apartment,145,2,2,210000
Jbeil,Jbeil,Mount Lebanon,Apartment,150,3,3,185000
Batroun,Batroun,North,Apartment,40,1,1,75000
chnaniir,Kesrouane,Mount Lebanon,Apartment,171,3,3,275000
Adma,Kesrouane,Mount Lebanon,Apartment,180,3,3,310000
Gherfine,Jbeil,Mount Lebanon,Apartment,138,3,2,120000
Safra,Kesrouane,Mount Lebanon,Apartment,138,3,2,150000
Achrafieh,Beirut,Beirut,Apartment,175,3,3,500000
Ras Beirut,Beirut,Beirut,Apartment,615,4,4,3500000
Ras Beirut,Beirut,Beirut,Apartment,164,3,4,600000
Dbayeh,El Metn,Mount Lebanon,Apartment,120,3,2,165000
Batroun,Batroun,North,Apartment,56,1,1,130000
Jbeil,Jbeil,Mount Lebanon,Apartment,127,2,2,130000
Achrafieh,Beirut,Beirut,Apartment,370,3,4,1400000
Adma,Kesrouane,Mount Lebanon,Apartment,235,3,4,420000
Down Town,Beirut,Beirut,Apartment,484,4,5,3146000
Down Town,Beirut,Beirut,Apartment,562,3,4,3655000
Down Town,Beirut,Beirut,Apartment,428,3,4,2785000
Hboub,Jbeil,Mount Lebanon,Apartment,220,4,4,200000
Achrafieh,Beirut,Beirut,Apartment,500,4,5,2100000
Braij,Jbeil,Mount Lebanon,Apartment,200,3,3,110000
Adma,Kesrouane,Mount Lebanon,Apartment,310,4,6,775000
Sahel Alma,Kesrouane,Mount Lebanon,Apartment,160,3,3,170000
Hazmieh,Baabda,Mount Lebanon,Apartment,180,3,4,320000
Down Town,Beirut,Beirut,Apartment,246,3,4,1500000
Down Town,Beirut,Beirut,Apartment,546,3,4,3000000
Al Jamhour,Baabda,Mount Lebanon,Apartment,237,4,6,430000
Achrafieh,Beirut,Beirut,Apartment,268,3,4,750000
Ras Beirut,Beirut,Beirut,Apartment,190,3,3,750000
Down Town,Beirut,Beirut,Apartment,500,4,5,2800000
Ras Beirut,Beirut,Beirut,Apartment,162,3,3,250000
Kaslik,Kesrouane,Mount Lebanon,Apartment,290,4,4,275000
Sahel Alma,Kesrouane,Mount Lebanon,Apartment,185,3,3,425500
Adma,Kesrouane,Mount Lebanon,Apartment,300,4,5,700000
Ghine,Kesrouane,Mount Lebanon,Apartment,150,3,2,115000
Down Town,Beirut,Beirut,Apartment,350,3,4,2150000
Sahel Alma,Kesrouane,Mount Lebanon,Apartment,205,3,3,235000
Ras Beirut,Beirut,Beirut,Apartment,550,4,5,3750000
Haret Sakher,Kesrouane,Mount Lebanon,Apartment,150,3,3,170000
Haret Sakher,Kesrouane,Mount Lebanon,Apartment,150,3,3,170000
Ras Beirut,Beirut,Beirut,Apartment,174,3,3,750000
Achrafieh,Beirut,Beirut,Apartment,220,2,3,635000
Dbayeh,El Metn,Mount Lebanon,Apartment,222,3,4,1200000
Hboub,Jbeil,Mount Lebanon,Apartment,160,3,2,105000
Ras Beirut,Beirut,Beirut,Apartment,250,3,4,1050000
Halat,Jbeil,Mount Lebanon,Apartment,300,4,5,300000
Dbayeh,El Metn,Mount Lebanon,Apartment,170,3,3,260000
Dbayeh,El Metn,Mount Lebanon,Apartment,170,3,3,300000
Ras Beirut,Beirut,Beirut,Apartment,300,4,4,970000
Ras Beirut,Beirut,Beirut,Apartment,500,4,4,1700000
Ras Beirut,Beirut,Beirut,Apartment,300,4,4,870000
Shayle,Kesrouane,Mount Lebanon,Apartment,268,3,4,340000
Sahel Alma,Kesrouane,Mount Lebanon,Apartment,175,3,4,425000
Sahel Alma,Kesrouane,Mount Lebanon,Apartment,180,3,4,420000
Sahel Alma,Kesrouane,Mount Lebanon,Apartment,287,3,5,450000
Mastita,Jbeil,Mount Lebanon,Apartment,160,3,2,155000
Sahel Alma,Kesrouane,Mount Lebanon,Apartment,160,3,3,140000
kfarhbeib,Kesrouane,Mount Lebanon,Apartment,200,3,4,350000
Achrafieh,Beirut,Beirut,Apartment,240,4,3,380000
Achrafieh,Beirut,Beirut,Apartment,270,3,4,950000
Ras Beirut,Beirut,Beirut,Apartment,300,3,3,1100000
Kaslik,Kesrouane,Mount Lebanon,Apartment,160,3,4,300000
Haret Sakher,Kesrouane,Mount Lebanon,Apartment,232,3,4,560000
Achrafieh,Beirut,Beirut,Apartment,220,3,3,500000
Mansourieh,El Metn,Mount Lebanon,Apartment,255,3,5,250000
Sahel Alma,Kesrouane,Mount Lebanon,Apartment,169,3,6,300000
Hboub,Jbeil,Mount Lebanon,Apartment,260,3,5,250000
Ras Beirut,Beirut,Beirut,Apartment,400,4,4,920000
Ras Beirut,Beirut,Beirut,Apartment,300,2,4,1500000
Sahel Alma,Kesrouane,Mount Lebanon,Apartment,550,7,7,450000
Adma,Kesrouane,Mount Lebanon,Apartment,380,3,5,750000
Hboub,Jbeil,Mount Lebanon,Apartment,150,3,3,200000
Ras Beirut,Beirut,Beirut,Apartment,270,2,3,450000
Sabtieh,El Metn,Mount Lebanon,Apartment,175,2,3,120000
Al Jamhour,Baabda,Mount Lebanon,Apartment,222,3,4,350000
Mar Takla,Baabda,Mount Lebanon,Apartment,210,3,4,700000
Jeita,Kesrouane,Mount Lebanon,Apartment,300,4,5,190000
Adma,Kesrouane,Mount Lebanon,Apartment,600,5,5,950000
Hboub,Jbeil,Mount Lebanon,Apartment,183,3,3,180000
Hboub,Jbeil,Mount Lebanon,Apartment,183,3,3,190000
Adma,Kesrouane,Mount Lebanon,Apartment,340,3,4,600000
Hboub,Jbeil,Mount Lebanon,Apartment,110,3,2,120000
Adma,Kesrouane,Mount Lebanon,Apartment,300,3,4,500000
Antelias,El Metn,Mount Lebanon,Apartment,160,2,2,130000
Jbeil,Jbeil,Mount Lebanon,Apartment,175,3,3,200000
Jbeil,Jbeil,Mount Lebanon,Apartment,320,5,5,230000
Ras Beirut,Beirut,Beirut,Apartment,250,3,3,1000000
Zouk Mosbeh,Kesrouane,Mount Lebanon,Apartment,140,2,4,140000
Ballouneh,Kesrouane,Mount Lebanon,Apartment,185,3,4,180000
Achrafieh,Beirut,Beirut,Apartment,500,4,5,2000000
Nahr Ibrahim,Jbeil,Mount Lebanon,Apartment,240,3,3,185000
Adma,Kesrouane,Mount Lebanon,Apartment,275,3,4,420000
Hboub,Jbeil,Mount Lebanon,Apartment,160,3,3,160000
Hboub,Jbeil,Mount Lebanon,Apartment,140,3,3,140000
Hboub,Jbeil,Mount Lebanon,Apartment,140,3,3,140000
Hboub,Jbeil,Mount Lebanon,Apartment,160,3,3,160000
Baabda,Baabda,Mount Lebanon,Apartment,396,3,4,600000
Fanar,El Metn,Mount Lebanon,Apartment,120,2,2,185000
Maaysra,Kesrouane,Mount Lebanon,Apartment,220,3,3,125000
Maaysra,Kesrouane,Mount Lebanon,Apartment,350,3,3,175000
Maaysra,Kesrouane,Mount Lebanon,Apartment,220,3,3,130000
Louaize,Baabda,Mount Lebanon,Apartment,250,3,3,525000
Aamchit,Jbeil,Mount Lebanon,Apartment,185,3,3,185000
Ghadir,Kesrouane,Mount Lebanon,Apartment,185,3,3,250000
Ras Beirut,Beirut,Beirut,Apartment,155,2,3,650000
Ras Beirut,Beirut,Beirut,Apartment,225,3,3,950000
Hboub,Jbeil,Mount Lebanon,Apartment,175,3,4,200000
Nahr Ibrahim,Jbeil,Mount Lebanon,Apartment,154,2,2,215000
Nahr Ibrahim,Jbeil,Mount Lebanon,Apartment,165,3,3,180000
Nahr Ibrahim,Jbeil,Mount Lebanon,Apartment,165,3,3,250000
Nahr Ibrahim,Jbeil,Mount Lebanon,Apartment,265,3,3,280000
Nahr Ibrahim,Jbeil,Mount Lebanon,Apartment,180,3,3,180000
Blat,Jbeil,Mount Lebanon,Apartment,110,2,2,115000
Sarba,Kesrouane,Mount Lebanon,Apartment,200,3,3,245000
Ghadir,Kesrouane,Mount Lebanon,Apartment,125,2,2,210000
Ghadir,Kesrouane,Mount Lebanon,Apartment,165,3,3,230000
Hazmieh,Baabda,Mount Lebanon,Apartment,225,3,3,360000
Ras Beirut,Beirut,Beirut,Apartment,410,4,5,1700000
Achrafieh,Beirut,Beirut,Apartment,380,4,4,795000
Bouar,Kesrouane,Mount Lebanon,Apartment,350,4,4,450000
Achrafieh,Beirut,Beirut,Apartment,540,3,4,1200000
Kfour,Kesrouane,Mount Lebanon,Apartment,232,2,2,130000
Kfour,Kesrouane,Mount Lebanon,Apartment,272,5,6,265000
Down Town,Beirut,Beirut,Apartment,187,2,3,1366000
Shayle,Kesrouane,Mount Lebanon,Apartment,210,3,3,210000
Achrafieh,Beirut,Beirut,Apartment,630,4,6,1700000
Sarba,Kesrouane,Mount Lebanon,Apartment,180,3,3,190000
Achrafieh,Beirut,Beirut,Apartment,250,3,3,710000
Achrafieh,Beirut,Beirut,Apartment,250,3,3,650000
Kaslik,Kesrouane,Mount Lebanon,Apartment,170,3,3,300000
Achrafieh,Beirut,Beirut,Apartment,190,2,0,1200000
Jounieh,Kesrouane,Mount Lebanon,Apartment,165,3,3,220000
Ras Beirut,Beirut,Beirut,Apartment,120,2,2,270000
Achrafieh,Beirut,Beirut,Apartment,265,3,3,650000
Down Town,Beirut,Beirut,Apartment,250,3,3,1500000
Down Town,Beirut,Beirut,Apartment,500,4,5,3500000
Sarba,Kesrouane,Mount Lebanon,Apartment,110,2,2,114000
Ras El Nabeh,Beirut,Beirut,Apartment,170,2,3,400000
Ras El Nabeh,Beirut,Beirut,Apartment,245,3,4,450000
Sarba,Kesrouane,Mount Lebanon,Apartment,110,2,2,98000
Yarzeh,Baabda,Mount Lebanon,Apartment,300,3,4,1200000
Yarzeh,Baabda,Mount Lebanon,Apartment,206,3,4,600000
Achrafieh,Beirut,Beirut,Apartment,120,2,2,250000
Achrafieh,Beirut,Beirut,Apartment,135,2,2,280000
Achrafieh,Beirut,Beirut,Apartment,250,3,3,500000
Monteverde,El Metn,Mount Lebanon,Apartment,450,3,5,850000
New Rawda,El Metn,Mount Lebanon,Apartment,360,5,4,250000
Hosrayel,Jbeil,Mount Lebanon,Apartment,160,3,3,135000
Sarba,Kesrouane,Mount Lebanon,Apartment,150,3,3,140000
Yarzeh,Baabda,Mount Lebanon,Apartment,460,3,4,1450000
Jal el Dib,El Metn,Mount Lebanon,Apartment,125,2,2,150000
Monteverde,El Metn,Mount Lebanon,Apartment,420,3,3,840000
Adma,Kesrouane,Mount Lebanon,Apartment,320,4,4,340000
Achrafieh,Beirut,Beirut,Apartment,450,3,3,1200000
Broumana,El Metn,Mount Lebanon,Apartment,240,3,2,240000
Ballouneh,Kesrouane,Mount Lebanon,Apartment,170,2,2,150000
Braij,Jbeil,Mount Lebanon,Apartment,120,2,2,110000
Braij,Jbeil,Mount Lebanon,Apartment,118,2,2,106000
Bouar,Kesrouane,Mount Lebanon,Apartment,140,3,1,150000
Ain Najem,El Metn,Mount Lebanon,Apartment,220,3,3,350000
Adonis,Kesrouane,Mount Lebanon,Apartment,160,3,2,110000
Achrafieh,Beirut,Beirut,Apartment,430,4,4,2200000
Achrafieh,Beirut,Beirut,Apartment,115,2,2,518000
Achrafieh,Beirut,Beirut,Apartment,151,2,3,680000
Achrafieh,Beirut,Beirut,Apartment,500,4,5,2800000
Fanar,El Metn,Mount Lebanon,Apartment,260,4,5,280000
Jbeil,Jbeil,Mount Lebanon,Apartment,160,3,3,250000
Blat,Jbeil,Mount Lebanon,Apartment,127,3,2,100000
Bentaael,Jbeil,Mount Lebanon,Apartment,290,4,5,170000
Zouk Mosbeh,Kesrouane,Mount Lebanon,Apartment,143,2,2,135000
Zouk Mosbeh,Kesrouane,Mount Lebanon,Apartment,121,2,2,115000
Zouk Mosbeh,Kesrouane,Mount Lebanon,Apartment,128,2,2,100000
Rabweh,El Metn,Mount Lebanon,Apartment,230,3,3,290000
Ghadir,Kesrouane,Mount Lebanon,Apartment,215,3,3,475000
Ghadir,Kesrouane,Mount Lebanon,Apartment,215,3,3,450000
Rabweh,El Metn,Mount Lebanon,Apartment,230,3,4,300000
Rabweh,El Metn,Mount Lebanon,Apartment,350,3,4,400000
Adonis,Kesrouane,Mount Lebanon,Apartment,140,3,2,120000
Batroun,Batroun,North,Apartment,225,3,3,170000
Blat,Jbeil,Mount Lebanon,Apartment,180,3,3,200000
Halat,Jbeil,Mount Lebanon,Apartment,155,3,3,125000
Dbayeh,El Metn,Mount Lebanon,Apartment,100,2,2,130000
Adma,Kesrouane,Mount Lebanon,Apartment,150,3,4,185000
Fanar,El Metn,Mount Lebanon,Apartment,220,3,3,350000
Bsalim,El Metn,Mount Lebanon,Apartment,350,3,3,490000
Edde,Jbeil,Mount Lebanon,Apartment,160,3,2,110000
Edde,Jbeil,Mount Lebanon,Apartment,300,3,3,200000
Achrafieh,Beirut,Beirut,Apartment,190,2,3,675000
Kfour,Kesrouane,Mount Lebanon,Apartment,300,4,4,900000
Ballouneh,Kesrouane,Mount Lebanon,Apartment,320,4,4,250000
Monteverde,El Metn,Mount Lebanon,Apartment,480,4,4,500000
Adma,Kesrouane,Mount Lebanon,Apartment,1100,6,8,6000000
chnaniir,Kesrouane,Mount Lebanon,Apartment,330,3,5,350000
Kornet Chehwan,El Metn,Mount Lebanon,Apartment,190,3,3,280000
Kornet Chehwan,El Metn,Mount Lebanon,Apartment,145,3,3,210000
Kornet Chehwan,El Metn,Mount Lebanon,Apartment,145,3,3,255000
Mtayleb,El Metn,Mount Lebanon,Apartment,250,3,2,250000
Jbeil,Jbeil,Mount Lebanon,Apartment,330,4,4,200000
Hboub,Jbeil,Mount Lebanon,Apartment,160,3,3,150000
Achrafieh,Beirut,Beirut,Apartment,240,3,3,575000
Ain Saadeh,El Metn,Mount Lebanon,Apartment,320,2,4,320000
Aamchit,Jbeil,Mount Lebanon,Apartment,150,2,3,160000
Badaro,Beirut,Beirut,Apartment,155,2,2,265000
Jouret Al Ballout,El Metn,Mount Lebanon,Apartment,150,3,3,200000
Dlebta,Kesrouane,Mount Lebanon,Apartment,880,3,2,550000
Faytroun,Kesrouane,Mount Lebanon,Apartment,150,3,3,175000
kfarhbeib,Kesrouane,Mount Lebanon,Apartment,200,3,4,290000
kfarhbeib,Kesrouane,Mount Lebanon,Apartment,208,3,4,320000
Mtayleb,El Metn,Mount Lebanon,Apartment,350,4,4,700000
kfarhbeib,Kesrouane,Mount Lebanon,Apartment,417,4,5,485000
Bouar,Kesrouane,Mount Lebanon,Apartment,140,3,3,120000
Tabarja,Kesrouane,Mount Lebanon,Apartment,110,2,2,125000
kfarhbeib,Kesrouane,Mount Lebanon,Apartment,235,3,4,290000
Sahel Alma,Kesrouane,Mount Lebanon,Apartment,210,3,4,300000
Jbeil,Jbeil,Mount Lebanon,Apartment,185,3,3,165000
Bouar,Kesrouane,Mount Lebanon,Apartment,166,3,4,170000
Qartaboun,Jbeil,Mount Lebanon,Apartment,107,2,2,100000
Ain Saadeh,El Metn,Mount Lebanon,Apartment,200,4,4,500000
Ain Saadeh,El Metn,Mount Lebanon,Apartment,160,3,4,330000
Hboub,Jbeil,Mount Lebanon,Apartment,310,3,3,325000
Hboub,Jbeil,Mount Lebanon,Apartment,200,3,3,200000
Hboub,Jbeil,Mount Lebanon,Apartment,212,3,3,250000
Blat,Jbeil,Mount Lebanon,Apartment,125,2,2,132000
Rabweh,El Metn,Mount Lebanon,Apartment,240,2,3,325000
Mazraat Yachouh,El Metn,Mount Lebanon,Apartment,150,3,2,200000
Down Town,Beirut,Beirut,Apartment,230,3,4,1200000
kfarhbeib,Kesrouane,Mount Lebanon,Apartment,180,3,3,200000
Gherfine,Jbeil,Mount Lebanon,Apartment,210,3,3,140000
Broumana,El Metn,Mount Lebanon,Apartment,450,4,4,450000
Mtayleb,El Metn,Mount Lebanon,Apartment,450,3,4,900000
Clemenceau,Beirut,Beirut,Apartment,900,5,6,3200000
Baabda,Baabda,Mount Lebanon,Apartment,340,4,4,665000
Achrafieh,Beirut,Beirut,Apartment,460,4,5,1800000
Achrafieh,Beirut,Beirut,Apartment,190,3,4,400000
Broumana,El Metn,Mount Lebanon,Apartment,450,5,5,410000
Jbeil,Jbeil,Mount Lebanon,Apartment,101,2,2,130000
Halat,Jbeil,Mount Lebanon,Apartment,150,3,3,135000
Jbeil,Jbeil,Mount Lebanon,Apartment,230,3,4,285000
Blat,Jbeil,Mount Lebanon,Apartment,160,3,2,155000
Bkerke,Kesrouane,Mount Lebanon,Apartment,235,3,3,500000
Jbeil,Jbeil,Mount Lebanon,Apartment,430,2,4,330000
Jbeil,Jbeil,Mount Lebanon,Apartment,170,3,4,180000
Achrafieh,Beirut,Beirut,Apartment,210,2,3,400000
Jbeil,Jbeil,Mount Lebanon,Apartment,125,2,2,165000
Achrafieh,Beirut,Beirut,Apartment,145,3,3,350000
Achrafieh,Beirut,Beirut,Apartment,270,3,3,500000
Sahel Alma,Kesrouane,Mount Lebanon,Apartment,380,3,5,400000
Broumana,El Metn,Mount Lebanon,Apartment,230,3,2,275000
Jbeil,Jbeil,Mount Lebanon,Apartment,170,2,2,155000
Jal el Dib,El Metn,Mount Lebanon,Apartment,260,3,3,250000
Achrafieh,Beirut,Beirut,Apartment,470,4,3,800000
Ras Beirut,Beirut,Beirut,Apartment,255,3,3,500000
Baabda,Baabda,Mount Lebanon,Apartment,270,3,4,650000
Adma,Kesrouane,Mount Lebanon,Apartment,180,3,3,220000
Nahr Ibrahim,Jbeil,Mount Lebanon,Apartment,90,2,1,93000
Achrafieh,Beirut,Beirut,Apartment,420,4,4,1250000
Achrafieh,Beirut,Beirut,Apartment,140,2,2,425000
Mansourieh,El Metn,Mount Lebanon,Apartment,300,3,5,380000
Batroun,Batroun,North,Apartment,168,2,2,200000
Douar,El Metn,Mount Lebanon,Apartment,120,2,3,150000
Douar,El Metn,Mount Lebanon,Apartment,150,3,3,200000
Jdeideh,El Metn,Mount Lebanon,Apartment,240,3,3,300000
Halat,Jbeil,Mount Lebanon,Apartment,180,3,3,140000
Blat,Jbeil,Mount Lebanon,Apartment,300,3,4,220000
Nahr Ibrahim,Jbeil,Mount Lebanon,Apartment,170,3,3,135000
Safra,Kesrouane,Mount Lebanon,Apartment,150,3,2,110000
Ghosta,Kesrouane,Mount Lebanon,Apartment,165,3,2,105000
Ghosta,Kesrouane,Mount Lebanon,Apartment,170,3,3,150000
Rihaniyeh,Baabda,Mount Lebanon,Apartment,340,3,4,850000
Halat,Jbeil,Mount Lebanon,Apartment,95,3,3,120000
Sahel Alma,Kesrouane,Mount Lebanon,Apartment,285,4,6,427000
Sahel Alma,Kesrouane,Mount Lebanon,Apartment,360,3,5,575000
Sahel Alma,Kesrouane,Mount Lebanon,Apartment,220,3,4,375000
Zikrit,El Metn,Mount Lebanon,Apartment,125,2,2,110000
Zouk Mikael,Kesrouane,Mount Lebanon,Apartment,128,3,1,110000
Sahel Alma,Kesrouane,Mount Lebanon,Apartment,170,3,3,350000
Sahel Alma,Kesrouane,Mount Lebanon,Apartment,170,3,3,300000
Halat,Jbeil,Mount Lebanon,Apartment,150,3,3,236000
Fatqa,Kesrouane,Mount Lebanon,Apartment,220,3,3,170000
Fatqa,Kesrouane,Mount Lebanon,Apartment,250,3,4,200000
Mastita,Jbeil,Mount Lebanon,Apartment,130,2,2,135000
Ajaltoun,Kesrouane,Mount Lebanon,Apartment,200,3,3,230000
Zouk Mikael,Kesrouane,Mount Lebanon,Apartment,135,2,2,180000
Klayaat,Kesrouane,Mount Lebanon,Apartment,155,2,2,150000
Hosrayel,Jbeil,Mount Lebanon,Apartment,145,3,3,160000
Achrafieh,Beirut,Beirut,Apartment,500,4,3,2000000
Rayfoun,Kesrouane,Mount Lebanon,Apartment,350,4,6,675000
Zalka,El Metn,Mount Lebanon,Apartment,220,3,2,250000
Bsalim,El Metn,Mount Lebanon,Apartment,250,3,3,600000
Shayle,Kesrouane,Mount Lebanon,Apartment,195,3,3,200000
Fanar,El Metn,Mount Lebanon,Apartment,175,3,3,300000
Ballouneh,Kesrouane,Mount Lebanon,Apartment,360,3,3,350000
Haret Sakher,Kesrouane,Mount Lebanon,Apartment,300,3,5,450000
Haret Sakher,Kesrouane,Mount Lebanon,Apartment,440,4,6,720000
Haret Sakher,Kesrouane,Mount Lebanon,Apartment,224,3,5,400000
Haret Sakher,Kesrouane,Mount Lebanon,Apartment,224,3,4,350000
Kaslik,Kesrouane,Mount Lebanon,Apartment,300,3,4,500000
Jbeil,Jbeil,Mount Lebanon,Apartment,98,2,1,150000
Tabarja,Kesrouane,Mount Lebanon,Apartment,150,3,3,210000
Blat,Jbeil,Mount Lebanon,Apartment,150,3,3,195000
Blat,Jbeil,Mount Lebanon,Apartment,250,3,3,195000
Blat,Jbeil,Mount Lebanon,Apartment,125,2,2,120000
Ajaltoun,Kesrouane,Mount Lebanon,Apartment,185,3,2,160000
Maaysra,Kesrouane,Mount Lebanon,Apartment,110,2,2,100000
Haret Sakher,Kesrouane,Mount Lebanon,Apartment,270,3,4,450000
Jounieh,Kesrouane,Mount Lebanon,Apartment,260,3,5,360000
Jounieh,Kesrouane,Mount Lebanon,Apartment,370,5,4,370000
Jounieh,Kesrouane,Mount Lebanon,Apartment,185,3,3,240000
Badaro,Beirut,Beirut,Apartment,300,4,4,735000
Shayle,Kesrouane,Mount Lebanon,Apartment,145,2,3,155000
Achrafieh,Beirut,Beirut,Apartment,80,1,1,300000
Jeita,Kesrouane,Mount Lebanon,Apartment,180,3,4,170000
Jbeil,Jbeil,Mount Lebanon,Apartment,300,4,5,300000
Tabarja,Kesrouane,Mount Lebanon,Apartment,135,2,2,140000
Ajaltoun,Kesrouane,Mount Lebanon,Apartment,250,3,4,150000
Sahel Alma,Kesrouane,Mount Lebanon,Apartment,205,3,3,350000
Achrafieh,Beirut,Beirut,Apartment,200,3,2,600000
Haret Sakher,Kesrouane,Mount Lebanon,Apartment,250,3,4,325000
Haret Sakher,Kesrouane,Mount Lebanon,Apartment,260,3,4,425000
Qartaboun,Jbeil,Mount Lebanon,Apartment,147,3,3,160000
Fanar,El Metn,Mount Lebanon,Apartment,250,3,5,1100000
Bouar,Kesrouane,Mount Lebanon,Apartment,160,3,3,140000
Safra,Kesrouane,Mount Lebanon,Apartment,150,4,2,200000
Basbina,Batroun,North,Apartment,169,3,3,135000
Sahel Alma,Kesrouane,Mount Lebanon,Apartment,280,3,4,650000
Mar Takla,Baabda,Mount Lebanon,Apartment,180,3,4,370000
Daychounieh,El Metn,Mount Lebanon,Apartment,205,3,3,320000
Haret Sakher,Kesrouane,Mount Lebanon,Apartment,155,3,3,250000
Zouk Mikael,Kesrouane,Mount Lebanon,Apartment,150,3,3,145000
kfarhbeib,Kesrouane,Mount Lebanon,Apartment,270,3,4,290000
Mtayleb,El Metn,Mount Lebanon,Apartment,450,4,5,500000
Achrafieh,Beirut,Beirut,Apartment,145,2,2,650000
Ain Al Remmane,Baabda,Mount Lebanon,Apartment,140,3,2,150000
Sahel Alma,Kesrouane,Mount Lebanon,Apartment,270,3,3,550000
Sahel Alma,Kesrouane,Mount Lebanon,Apartment,285,4,4,655000
Sahel Alma,Kesrouane,Mount Lebanon,Apartment,545,7,6,624000
Bouar,Kesrouane,Mount Lebanon,Apartment,125,4,4,270000
Adma,Kesrouane,Mount Lebanon,Apartment,210,3,4,710000
Sahel Alma,Kesrouane,Mount Lebanon,Apartment,485,5,7,610000
Sahel Alma,Kesrouane,Mount Lebanon,Apartment,310,4,5,460000
Mazraat Yachouh,El Metn,Mount Lebanon,Apartment,130,2,2,88000
Achrafieh,Beirut,Beirut,Apartment,270,3,4,650000
Achrafieh,Beirut,Beirut,Apartment,185,3,3,340000
Achrafieh,Beirut,Beirut,Apartment,165,2,3,450000
Batroun,Batroun,North,Apartment,165,3,3,175000
Achrafieh,Beirut,Beirut,Apartment,330,3,3,1000000
Basbina,Batroun,North,Apartment,200,2,3,200000
Basbina,Batroun,North,Apartment,142,2,3,142000
Batroun,Batroun,North,Apartment,85,1,1,115000
Badaro,Beirut,Beirut,Apartment,365,3,5,680000
Jeita,Kesrouane,Mount Lebanon,Apartment,320,3,3,275000
Achrafieh,Beirut,Beirut,Apartment,380,3,5,1250000
Batroun,Batroun,North,Apartment,154,3,2,154000
Ballouneh,Kesrouane,Mount Lebanon,Apartment,234,3,3,360000
Ballouneh,Kesrouane,Mount Lebanon,Apartment,160,4,5,300000
Ballouneh,Kesrouane,Mount Lebanon,Apartment,155,2,3,350000
Ballouneh,Kesrouane,Mount Lebanon,Apartment,165,3,3,190000
Biyada,El Metn,Mount Lebanon,Apartment,310,3,3,550000
Naccache,El Metn,Mount Lebanon,Apartment,500,4,4,500000
Hboub,Jbeil,Mount Lebanon,Apartment,303,4,4,225000
kfarhbeib,Kesrouane,Mount Lebanon,Apartment,235,3,3,440000
kfarhbeib,Kesrouane,Mount Lebanon,Apartment,235,3,3,408000
Chekka,Batroun,North,Apartment,150,3,3,125000
Chekka,Batroun,North,Apartment,191,3,2,200000
Blat,Jbeil,Mount Lebanon,Apartment,200,3,3,270000
Ballouneh,Kesrouane,Mount Lebanon,Apartment,160,3,3,270000
Jbeil,Jbeil,Mount Lebanon,Apartment,165,3,3,205000
Ijdabra,Batroun,North,Apartment,174,3,3,230000
Zouk Mikael,Kesrouane,Mount Lebanon,Apartment,120,2,2,90000
Zouk Mikael,Kesrouane,Mount Lebanon,Apartment,165,3,2,300000
Dekweneh,El Metn,Mount Lebanon,Apartment,260,3,4,318000
Halat,Jbeil,Mount Lebanon,Apartment,174,3,3,159000
Halat,Jbeil,Mount Lebanon,Apartment,114,2,2,120000
Qannabet Broumana,El Metn,Mount Lebanon,Apartment,215,3,3,550000
Aamchit,Jbeil,Mount Lebanon,Apartment,275,3,3,350000
Kaslik,Kesrouane,Mount Lebanon,Apartment,300,3,3,550000
Achrafieh,Beirut,Beirut,Apartment,380,4,4,1250000
Mazraat Yachouh,El Metn,Mount Lebanon,Apartment,172,2,3,300000
Sahel Alma,Kesrouane,Mount Lebanon,Apartment,330,3,5,500000
Hboub,Jbeil,Mount Lebanon,Apartment,134,2,2,154000
Kornet Chehwan,El Metn,Mount Lebanon,Apartment,220,3,3,250000
Adonis,Kesrouane,Mount Lebanon,Apartment,170,3,4,170000
Zikrit,El Metn,Mount Lebanon,Apartment,130,3,2,160000
Ghazir,Kesrouane,Mount Lebanon,Apartment,969,4,4,4800000
Ghazir,Kesrouane,Mount Lebanon,Apartment,110,1,1,330000
Ghazir,Kesrouane,Mount Lebanon,Apartment,164,3,4,495000
Adma,Kesrouane,Mount Lebanon,Apartment,330,5,7,650000
Mar Roukoz,El Metn,Mount Lebanon,Apartment,396,3,3,350000
Mar Roukoz,El Metn,Mount Lebanon,Apartment,186,3,3,230000
kfarhbeib,Kesrouane,Mount Lebanon,Apartment,260,3,4,250000
Nahr Ibrahim,Jbeil,Mount Lebanon,Apartment,115,2,2,128000
Nahr Ibrahim,Jbeil,Mount Lebanon,Apartment,125,3,2,135000
Ain Saadeh,El Metn,Mount Lebanon,Apartment,140,3,2,173000
Halat,Jbeil,Mount Lebanon,Apartment,360,3,5,300000
Halat,Jbeil,Mount Lebanon,Apartment,210,3,3,225000
Mazraat Yachouh,El Metn,Mount Lebanon,Apartment,150,3,3,225000
Bouar,Kesrouane,Mount Lebanon,Apartment,150,4,2,350000
Jbeil,Jbeil,Mount Lebanon,Apartment,390,4,3,725000
Adonis,Kesrouane,Mount Lebanon,Apartment,450,3,3,300000
Zouk Mosbeh,Kesrouane,Mount Lebanon,Apartment,110,3,2,103000
Ain Saadeh,El Metn,Mount Lebanon,Apartment,350,3,4,920000
Hboub,Jbeil,Mount Lebanon,Apartment,340,3,3,200000
Naccache,El Metn,Mount Lebanon,Apartment,270,4,4,466000
Dekweneh,El Metn,Mount Lebanon,Apartment,260,3,3,1003000
Bsalim,El Metn,Mount Lebanon,Apartment,204,3,4,329000
Mansourieh,El Metn,Mount Lebanon,Apartment,205,3,3,260000
Fatqa,Kesrouane,Mount Lebanon,Apartment,350,4,6,350000
Ain El Rihani,Kesrouane,Mount Lebanon,Apartment,165,3,2,130000
Qannabet Broumana,El Metn,Mount Lebanon,Apartment,210,3,3,325000
Achrafieh,Beirut,Beirut,Apartment,160,3,3,500000
Batroun,Batroun,North,Apartment,96,1,2,250000
Baabdat,El Metn,Mount Lebanon,Apartment,280,3,3,490000
Naccache,El Metn,Mount Lebanon,Apartment,220,3,4,350000
Antelias,El Metn,Mount Lebanon,Apartment,185,3,3,550000
Aamchit,Jbeil,Mount Lebanon,Apartment,300,3,3,150000
Zouk Mosbeh,Kesrouane,Mount Lebanon,Apartment,250,2,4,180000
Broumana,El Metn,Mount Lebanon,Apartment,300,2,3,450000
Achrafieh,Beirut,Beirut,Apartment,330,3,3,1200000
Dekweneh,El Metn,Mount Lebanon,Apartment,140,3,2,200000
Rabweh,El Metn,Mount Lebanon,Apartment,350,4,4,425000
Ghadir,Kesrouane,Mount Lebanon,Apartment,180,3,3,250000
Sahel Alma,Kesrouane,Mount Lebanon,Apartment,265,3,3,350000
Aamchit,Jbeil,Mount Lebanon,Apartment,76,1,1,55000
Fanar,El Metn,Mount Lebanon,Apartment,380,5,5,320000
Bchelli,Jbeil,Mount Lebanon,Apartment,90,2,1,65000
Achrafieh,Beirut,Beirut,Apartment,475,4,4,1450000
Tabarja,Kesrouane,Mount Lebanon,Apartment,124,2,2,125000
Mansourieh,El Metn,Mount Lebanon,Apartment,115,2,2,115000
Mansourieh,El Metn,Mount Lebanon,Apartment,190,3,2,155000
Sahel Alma,Kesrouane,Mount Lebanon,Apartment,240,3,4,440000
Achrafieh,Beirut,Beirut,Apartment,130,2,2,250000
Haret Sakher,Kesrouane,Mount Lebanon,Apartment,220,3,4,280000
Broumana,El Metn,Mount Lebanon,Apartment,222,3,4,330000
Jeita,Kesrouane,Mount Lebanon,Apartment,135,3,3,250000
Achrafieh,Beirut,Beirut,Apartment,325,2,3,1100000
Kfour,Kesrouane,Mount Lebanon,Apartment,230,3,3,150000
Beit Meri,El Metn,Mount Lebanon,Apartment,235,3,3,450000
Broumana,El Metn,Mount Lebanon,Apartment,154,3,3,220000
Ain Saadeh,El Metn,Mount Lebanon,Apartment,215,3,4,430000
Daychounieh,El Metn,Mount Lebanon,Apartment,150,3,3,225000
Daychounieh,El Metn,Mount Lebanon,Apartment,150,3,3,180000
Adma,Kesrouane,Mount Lebanon,Apartment,240,3,5,660000
Mansourieh,El Metn,Mount Lebanon,Apartment,167,3,3,340000
Beit Chabeb,El Metn,Mount Lebanon,Apartment,140,2,2,150000
Mar Roukoz,El Metn,Mount Lebanon,Apartment,174,3,3,300000
Ghazir,Kesrouane,Mount Lebanon,Apartment,130,2,2,170000
Biyada,El Metn,Mount Lebanon,Apartment,700,6,5,950000
Mansourieh,El Metn,Mount Lebanon,Apartment,276,4,4,350000
Blat,Jbeil,Mount Lebanon,Apartment,140,3,2,155000
Aatchane,El Metn,Mount Lebanon,Apartment,240,3,4,600000
Achrafieh,Beirut,Beirut,Apartment,300,4,3,1100000
Haret Sakher,Kesrouane,Mount Lebanon,Apartment,265,3,3,475000
Tabarja,Kesrouane,Mount Lebanon,Apartment,500,4,5,1200000
Tabarja,Kesrouane,Mount Lebanon,Apartment,227,2,3,600000
Zouk Mikael,Kesrouane,Mount Lebanon,Apartment,500,4,5,850000
Achrafieh,Beirut,Beirut,Apartment,185,3,3,550000
Dbayeh,El Metn,Mount Lebanon,Apartment,700,5,6,4150000
Gherfine,Jbeil,Mount Lebanon,Apartment,125,2,2,125000
Achrafieh,Beirut,Beirut,Apartment,300,3,3,1950000
Achrafieh,Beirut,Beirut,Apartment,375,3,2,475000
Adma,Kesrouane,Mount Lebanon,Apartment,300,3,4,400000
Achrafieh,Beirut,Beirut,Apartment,200,3,3,560000
Achrafieh,Beirut,Beirut,Apartment,170,2,3,459000
Achrafieh,Beirut,Beirut,Apartment,235,3,3,500000
Beit Meri,El Metn,Mount Lebanon,Apartment,190,3,3,475000
Monteverde,El Metn,Mount Lebanon,Apartment,320,3,4,430000
Achrafieh,Beirut,Beirut,Apartment,265,3,3,850000
Achrafieh,Beirut,Beirut,Apartment,265,3,3,650000
Dik El Mehdi,El Metn,Mount Lebanon,Apartment,600,4,5,900000
Zouk Mikael,Kesrouane,Mount Lebanon,Apartment,320,4,3,450000
Achrafieh,Beirut,Beirut,Apartment,200,3,3,450000
Baabda,Baabda,Mount Lebanon,Apartment,319,4,6,600000
Monteverde,El Metn,Mount Lebanon,Apartment,260,3,4,410000
kfarhbeib,Kesrouane,Mount Lebanon,Apartment,187,3,3,170000
Zouk Mikael,Kesrouane,Mount Lebanon,Apartment,220,4,3,240000
Zouk Mosbeh,Kesrouane,Mount Lebanon,Apartment,200,2,2,130000
Zouk Mikael,Kesrouane,Mount Lebanon,Apartment,153,2,2,260000
Basbina,Batroun,North,Apartment,135,2,2,200000
Achrafieh,Beirut,Beirut,Apartment,230,3,3,850000
Achrafieh,Beirut,Beirut,Apartment,150,2,2,500000
Mansourieh,El Metn,Mount Lebanon,Apartment,235,3,4,385000
Aamchit,Jbeil,Mount Lebanon,Apartment,312,4,4,470000
Achrafieh,Beirut,Beirut,Apartment,227,3,2,1000000
Edde,Jbeil,Mount Lebanon,Apartment,150,2,2,150000
Louaize,Baabda,Mount Lebanon,Apartment,200,3,4,400000
Achrafieh,Beirut,Beirut,Apartment,155,2,2,390000
Mar Roukoz,El Metn,Mount Lebanon,Apartment,110,2,2,199000
Achrafieh,Beirut,Beirut,Apartment,250,3,3,600000
Achrafieh,Beirut,Beirut,Apartment,245,3,3,700000
Horsh Tabet,El Metn,Mount Lebanon,Apartment,295,3,4,700000
Achrafieh,Beirut,Beirut,Apartment,176,3,3,415000
Sin El Fil,El Metn,Mount Lebanon,Apartment,192,3,3,340000
Sin El Fil,El Metn,Mount Lebanon,Apartment,400,4,4,600000
Adma,Kesrouane,Mount Lebanon,Apartment,637,6,6,750000
Adma,Kesrouane,Mount Lebanon,Apartment,213,3,4,430000
Nahr Ibrahim,Jbeil,Mount Lebanon,Apartment,118,2,2,136000
Aoukar,El Metn,Mount Lebanon,Apartment,168,2,3,299000
Aoukar,El Metn,Mount Lebanon,Apartment,168,2,3,375000
Nahr Ibrahim,Jbeil,Mount Lebanon,Apartment,118,2,2,136000
Batroun,Batroun,North,Apartment,166,3,3,250000
Batroun,Batroun,North,Apartment,175,3,3,225000
Hazmieh,Baabda,Mount Lebanon,Apartment,338,4,6,750000
Achrafieh,Beirut,Beirut,Apartment,200,2,3,480000
Hboub,Jbeil,Mount Lebanon,Apartment,150,3,2,100000
Zouk Mosbeh,Kesrouane,Mount Lebanon,Apartment,160,3,2,300000
Baabda,Baabda,Mount Lebanon,Apartment,360,4,5,650000
Aoukar,El Metn,Mount Lebanon,Apartment,168,2,3,280000
Naccache,El Metn,Mount Lebanon,Apartment,145,3,2,240000
Zouk Mikael,Kesrouane,Mount Lebanon,Apartment,165,3,2,200000
Achrafieh,Beirut,Beirut,Apartment,200,3,3,430000
Hboub,Jbeil,Mount Lebanon,Apartment,340,3,3,220000
Mejdel,Jbeil,Mount Lebanon,Apartment,3500,6,8,1000000
Zouk Mosbeh,Kesrouane,Mount Lebanon,Apartment,185,2,3,200000
Haret Sakher,Kesrouane,Mount Lebanon,Apartment,275,3,4,400000
Zalka,El Metn,Mount Lebanon,Apartment,135,3,3,195000
Jbeil,Jbeil,Mount Lebanon,Apartment,205,4,2,190000
Ajaltoun,Kesrouane,Mount Lebanon,Apartment,190,3,3,230000
Sahel Alma,Kesrouane,Mount Lebanon,Apartment,255,3,4,600000
Aamchit,Jbeil,Mount Lebanon,Apartment,125,3,2,110000
Halat,Jbeil,Mount Lebanon,Apartment,150,3,3,150000
Aamchit,Jbeil,Mount Lebanon,Apartment,130,2,2,130000
Rabieh,El Metn,Mount Lebanon,Apartment,450,3,4,950000
Naccache,El Metn,Mount Lebanon,Apartment,220,3,3,230000
Safra,Kesrouane,Mount Lebanon,Apartment,150,3,3,240000
Maameltein,Kesrouane,Mount Lebanon,Apartment,200,3,3,350000
Maameltein,Kesrouane,Mount Lebanon,Apartment,200,3,3,340000
Adonis,Kesrouane,Mount Lebanon,Apartment,240,3,3,240000
Edde,Jbeil,Mount Lebanon,Apartment,160,3,3,165000
Qornet El Hamra,El Metn,Mount Lebanon,Apartment,210,3,3,255000
Hazmieh,Baabda,Mount Lebanon,Apartment,150,2,4,300000
Kornet Chehwan,El Metn,Mount Lebanon,Apartment,295,4,4,650000
Ain Aar,El Metn,Mount Lebanon,Apartment,275,4,3,370000
Jdeideh,El Metn,Mount Lebanon,Apartment,200,3,3,400000
Mansourieh,El Metn,Mount Lebanon,Apartment,160,2,3,230000
Zouk Mosbeh,Kesrouane,Mount Lebanon,Apartment,165,3,3,190000
Nabey,El Metn,Mount Lebanon,Apartment,150,2,2,215000
Mar Takla,Baabda,Mount Lebanon,Apartment,420,4,5,775000
Antelias,El Metn,Mount Lebanon,Apartment,120,2,2,185000
Zouk Mikael,Kesrouane,Mount Lebanon,Apartment,133,2,3,160000
Mechmech,Jbeil,Mount Lebanon,Apartment,240,4,6,250000
Zouk Mosbeh,Kesrouane,Mount Lebanon,Apartment,180,3,3,150000
Edde,Jbeil,Mount Lebanon,Apartment,230,3,3,240000
Ain El Rihani,Kesrouane,Mount Lebanon,Apartment,275,3,3,300000
kfarhbeib,Kesrouane,Mount Lebanon,Apartment,350,4,5,600000
Kaslik,Kesrouane,Mount Lebanon,Apartment,170,3,2,160000
Mar Takla,Baabda,Mount Lebanon,Apartment,260,3,4,490000
Zouk Mosbeh,Kesrouane,Mount Lebanon,Apartment,195,3,3,150000
Naccache,El Metn,Mount Lebanon,Apartment,240,4,3,450000
Jal el Dib,El Metn,Mount Lebanon,Apartment,300,4,3,420000
Shayle,Kesrouane,Mount Lebanon,Apartment,400,5,3,375000
Shayle,Kesrouane,Mount Lebanon,Apartment,400,5,3,500000
Zouk Mosbeh,Kesrouane,Mount Lebanon,Apartment,300,3,3,300000
Mazraat Yachouh,El Metn,Mount Lebanon,Apartment,156,3,3,250000
Louaize,Baabda,Mount Lebanon,Apartment,170,3,3,330000
Louaize,Baabda,Mount Lebanon,Apartment,270,4,5,370000
Beit el Chaar,El Metn,Mount Lebanon,Apartment,210,3,3,250000
Antelias,El Metn,Mount Lebanon,Apartment,190,3,3,350000
Baabdat,El Metn,Mount Lebanon,Apartment,270,4,4,290000
Adma,Kesrouane,Mount Lebanon,Apartment,500,4,5,1800000
Ain Saadeh,El Metn,Mount Lebanon,Apartment,600,6,6,825000
Dbayeh,El Metn,Mount Lebanon,Apartment,300,3,4,650000
Batroun,Batroun,North,Apartment,140,3,2,160000
Jal el Dib,El Metn,Mount Lebanon,Apartment,190,3,2,170000
Qannabet Broumana,El Metn,Mount Lebanon,Apartment,220,3,4,395000
Dik El Mehdi,El Metn,Mount Lebanon,Apartment,147,3,2,180000
Sahel Alma,Kesrouane,Mount Lebanon,Apartment,300,3,4,495000
Zouk Mikael,Kesrouane,Mount Lebanon,Apartment,105,2,2,126000
Zouk Mikael,Kesrouane,Mount Lebanon,Apartment,173,3,3,173000
Nabey,El Metn,Mount Lebanon,Apartment,118,3,3,265000
Achrafieh,Beirut,Beirut,Apartment,180,3,3,300000
Jdayel,Jbeil,Mount Lebanon,Apartment,125,2,2,125000
Zouk Mikael,Kesrouane,Mount Lebanon,Apartment,190,3,4,220000
Halat,Jbeil,Mount Lebanon,Apartment,185,3,3,260000
Adma,Kesrouane,Mount Lebanon,Apartment,400,4,4,590000
Bsalim,El Metn,Mount Lebanon,Apartment,175,3,3,550000
Bsalim,El Metn,Mount Lebanon,Apartment,175,3,3,350000
Halat,Jbeil,Mount Lebanon,Apartment,120,2,2,120000
Sarba,Kesrouane,Mount Lebanon,Apartment,400,4,5,900000
Gherfine,Jbeil,Mount Lebanon,Apartment,135,3,1,100000
Hboub,Jbeil,Mount Lebanon,Apartment,135,3,3,90000
Blat,Jbeil,Mount Lebanon,Apartment,142,3,3,300000
Hboub,Jbeil,Mount Lebanon,Apartment,268,4,4,245000
Hboub,Jbeil,Mount Lebanon,Apartment,168,3,3,170000
Hboub,Jbeil,Mount Lebanon,Apartment,168,3,3,160000
Hboub,Jbeil,Mount Lebanon,Apartment,120,2,2,115000
Zouk Mosbeh,Kesrouane,Mount Lebanon,Apartment,165,3,2,120000
Jounieh,Kesrouane,Mount Lebanon,Apartment,145,3,2,135000
Aamchit,Jbeil,Mount Lebanon,Apartment,176,3,3,166000
Yarzeh,Baabda,Mount Lebanon,Apartment,450,4,5,1300000
Zouk Mosbeh,Kesrouane,Mount Lebanon,Apartment,130,2,3,200000
Zouk Mosbeh,Kesrouane,Mount Lebanon,Apartment,134,2,2,200000
Zouk Mosbeh,Kesrouane,Mount Lebanon,Apartment,146,2,2,200000
Hboub,Jbeil,Mount Lebanon,Apartment,250,5,4,260000
Hboub,Jbeil,Mount Lebanon,Apartment,126,2,2,155000
Hboub,Jbeil,Mount Lebanon,Apartment,155,3,2,125000
Hboub,Jbeil,Mount Lebanon,Apartment,162,3,3,140000
Zouk Mosbeh,Kesrouane,Mount Lebanon,Apartment,108,2,2,125000
Hboub,Jbeil,Mount Lebanon,Apartment,155,3,3,230000
Jbeil,Jbeil,Mount Lebanon,Apartment,183,2,3,140000
Halat,Jbeil,Mount Lebanon,Apartment,250,3,3,230000
Zouk Mosbeh,Kesrouane,Mount Lebanon,Apartment,190,3,3,230000
Ain Saadeh,El Metn,Mount Lebanon,Apartment,195,3,3,350000
Zouk Mosbeh,Kesrouane,Mount Lebanon,Apartment,270,3,4,300000
Horsh Tabet,El Metn,Mount Lebanon,Apartment,420,3,6,1000000
Hadath,Baabda,Mount Lebanon,Apartment,230,3,4,300000
okaybe,Kesrouane,Mount Lebanon,Apartment,100,2,2,95000
Hboub,Jbeil,Mount Lebanon,Apartment,150,2,2,202000
Hboub,Jbeil,Mount Lebanon,Apartment,115,3,3,155000
Blat,Jbeil,Mount Lebanon,Apartment,195,3,3,180000
Halat,Jbeil,Mount Lebanon,Apartment,290,3,3,180000
Basbina,Batroun,North,Apartment,230,4,4,400000
Hboub,Jbeil,Mount Lebanon,Apartment,175,3,3,175000
Bsalim,El Metn,Mount Lebanon,Apartment,230,5,5,550000
Mastita,Jbeil,Mount Lebanon,Apartment,125,2,2,155000
Bsalim,El Metn,Mount Lebanon,Apartment,220,3,3,360000
Aamchit,Jbeil,Mount Lebanon,Apartment,250,3,3,180000
Jbeil,Jbeil,Mount Lebanon,Apartment,167,3,2,130000
Zouk Mosbeh,Kesrouane,Mount Lebanon,Apartment,185,3,3,160000
Fidar,Jbeil,Mount Lebanon,Apartment,185,3,3,225000
Jbeil,Jbeil,Mount Lebanon,Apartment,250,3,3,250000
Baabda,Baabda,Mount Lebanon,Apartment,340,3,4,1000000
Biakout,El Metn,Mount Lebanon,Apartment,135,2,1,130000
Blat,Jbeil,Mount Lebanon,Apartment,110,2,2,100000
Tabarja,Kesrouane,Mount Lebanon,Apartment,150,3,2,180000
Tabarja,Kesrouane,Mount Lebanon,Apartment,120,2,2,210000
Achrafieh,Beirut,Beirut,Apartment,383,4,4,1100000
Qartaboun,Jbeil,Mount Lebanon,Apartment,215,3,3,155000
Qartaboun,Jbeil,Mount Lebanon,Apartment,115,2,2,125000
kfarhbeib,Kesrouane,Mount Lebanon,Apartment,265,5,6,485000
Jbeil,Jbeil,Mount Lebanon,Apartment,193,2,3,400000
Adma,Kesrouane,Mount Lebanon,Apartment,208,3,4,575000
Haret Sakher,Kesrouane,Mount Lebanon,Apartment,180,3,3,160000
Bsalim,El Metn,Mount Lebanon,Apartment,270,4,3,350000
Rabweh,El Metn,Mount Lebanon,Apartment,300,4,4,550000
Bsalim,El Metn,Mount Lebanon,Apartment,250,3,3,315000
Hboub,Jbeil,Mount Lebanon,Apartment,160,3,3,140000
kfarhbeib,Kesrouane,Mount Lebanon,Apartment,320,4,6,650000
Sahel Alma,Kesrouane,Mount Lebanon,Apartment,300,5,7,950000
Blat,Jbeil,Mount Lebanon,Apartment,100,2,2,100000
okaybe,Kesrouane,Mount Lebanon,Apartment,150,3,2,100000
Aamchit,Jbeil,Mount Lebanon,Apartment,250,3,3,300000
Jbeil,Jbeil,Mount Lebanon,Apartment,280,6,5,350000
Halat,Jbeil,Mount Lebanon,Apartment,175,3,3,220000
Halat,Jbeil,Mount Lebanon,Apartment,220,3,3,340000
Antelias,El Metn,Mount Lebanon,Apartment,230,3,3,437000
Jal el Dib,El Metn,Mount Lebanon,Apartment,165,3,3,350000
Hboub,Jbeil,Mount Lebanon,Apartment,120,2,2,110000
Zouk Mosbeh,Kesrouane,Mount Lebanon,Apartment,130,2,2,120000
Achrafieh,Beirut,Beirut,Apartment,100,1,1,300000
Kfaryassine,Kesrouane,Mount Lebanon,Apartment,175,3,3,180000
Mar Takla,Baabda,Mount Lebanon,Apartment,267,3,4,545000
Zikrit,El Metn,Mount Lebanon,Apartment,95,2,2,215000
Halat,Jbeil,Mount Lebanon,Apartment,312,4,3,550000
Aamchit,Jbeil,Mount Lebanon,Apartment,115,2,2,103000
Aamchit,Jbeil,Mount Lebanon,Apartment,124,2,2,130000
Blat,Jbeil,Mount Lebanon,Apartment,185,3,3,135000
Bouar,Kesrouane,Mount Lebanon,Apartment,180,3,4,135000
Bouar,Kesrouane,Mount Lebanon,Apartment,165,3,3,135000
Mtayleb,El Metn,Mount Lebanon,Apartment,260,3,4,525000
Mazraat Yachouh,El Metn,Mount Lebanon,Apartment,330,3,3,325000
Sahel Alma,Kesrouane,Mount Lebanon,Apartment,370,3,5,725000
Jbeil,Jbeil,Mount Lebanon,Apartment,235,3,4,300000
Basbina,Batroun,North,Apartment,110,2,2,137500
Jouret Al Ballout,El Metn,Mount Lebanon,Apartment,450,3,6,1150000
Rabweh,El Metn,Mount Lebanon,Apartment,200,3,3,420000
Antelias,El Metn,Mount Lebanon,Apartment,137,2,3,330000
Hboub,Jbeil,Mount Lebanon,Apartment,100,2,2,120000
chnaniir,Kesrouane,Mount Lebanon,Apartment,170,3,3,110000
Beit el Chaar,El Metn,Mount Lebanon,Apartment,250,3,4,570000
Beit el Chaar,El Metn,Mount Lebanon,Apartment,250,3,4,850000
Batroun,Batroun,North,Apartment,177,3,3,200000
Mazraat Yachouh,El Metn,Mount Lebanon,Apartment,200,4,4,270000
Jbeil,Jbeil,Mount Lebanon,Apartment,185,3,3,150000
Blat,Jbeil,Mount Lebanon,Apartment,200,3,3,200000
Antelias,El Metn,Mount Lebanon,Apartment,218,3,3,275000
Okaybe,Kesrouane,Mount Lebanon,Apartment,170,3,3,140000
Blat,Jbeil,Mount Lebanon,Apartment,150,2,3,195000
Beit el Chaar,El Metn,Mount Lebanon,Apartment,285,3,3,580000
Zalka,El Metn,Mount Lebanon,Apartment,150,3,3,225000
Bouchrieh,El Metn,Mount Lebanon,Apartment,250,4,3,375000
Mtayleb,El Metn,Mount Lebanon,Apartment,255,3,3,435000
Rawda,El Metn,Mount Lebanon,Apartment,140,3,2,295000
Adma,Kesrouane,Mount Lebanon,Apartment,220,3,3,350000
Zouk Mosbeh,Kesrouane,Mount Lebanon,Apartment,140,2,2,265000
Mtayleb,El Metn,Mount Lebanon,Apartment,300,4,5,685000
Hboub,Jbeil,Mount Lebanon,Apartment,195,3,4,150000
Jbeil,Jbeil,Mount Lebanon,Apartment,300,3,3,350000
Ghazir,Kesrouane,Mount Lebanon,Apartment,162,3,3,300000
Rabweh,El Metn,Mount Lebanon,Apartment,230,3,4,437000
Rabweh,El Metn,Mount Lebanon,Apartment,350,3,4,665000
Rabweh,El Metn,Mount Lebanon,Apartment,230,3,4,437000
Zalka,El Metn,Mount Lebanon,Apartment,153,3,3,285000
Blat,Jbeil,Mount Lebanon,Apartment,175,3,3,175000
Blat,Jbeil,Mount Lebanon,Apartment,165,3,3,165000
Aamchit,Jbeil,Mount Lebanon,Apartment,160,3,3,130000
Mtayleb,El Metn,Mount Lebanon,Apartment,340,3,4,750000
Bsalim,El Metn,Mount Lebanon,Apartment,200,3,4,310000
Blat,Jbeil,Mount Lebanon,Apartment,350,4,4,650000
Shayle,Kesrouane,Mount Lebanon,Apartment,190,3,3,120000
Halat,Jbeil,Mount Lebanon,Apartment,255,3,3,425000
Sahel Alma,Kesrouane,Mount Lebanon,Apartment,200,3,3,350000
Aamchit,Jbeil,Mount Lebanon,Apartment,140,3,2,160000
Jouret Al Ballout,El Metn,Mount Lebanon,Apartment,150,3,3,260000
Halat,Jbeil,Mount Lebanon,Apartment,140,3,3,170000
Jbeil,Jbeil,Mount Lebanon,Apartment,200,3,3,200000
Kaslik,Kesrouane,Mount Lebanon,Apartment,275,3,3,330000
Sahel Alma,Kesrouane,Mount Lebanon,Apartment,106,2,2,170000
Sahel Alma,Kesrouane,Mount Lebanon,Apartment,148,3,3,250000
kfarhbeib,Kesrouane,Mount Lebanon,Apartment,240,3,4,440000
Blat,Jbeil,Mount Lebanon,Apartment,175,3,3,120000
Dik El Mehdi,El Metn,Mount Lebanon,Apartment,237,4,5,457500
Dik El Mehdi,El Metn,Mount Lebanon,Apartment,430,5,5,470000
Dik El Mehdi,El Metn,Mount Lebanon,Apartment,245,4,5,367500
Dik El Mehdi,El Metn,Mount Lebanon,Apartment,250,4,5,375000
Dik El Mehdi,El Metn,Mount Lebanon,Apartment,295,4,5,540000
Achrafieh,Beirut,Beirut,Apartment,171,3,3,375000
Maameltein,Kesrouane,Mount Lebanon,Apartment,190,3,3,140000
Naccache,El Metn,Mount Lebanon,Apartment,147,3,2,270000
Rabweh,El Metn,Mount Lebanon,Apartment,224,3,3,600000
Bouar,Kesrouane,Mount Lebanon,Apartment,115,1,2,115000
Bouar,Kesrouane,Mount Lebanon,Apartment,135,2,2,135000
Aamchit,Jbeil,Mount Lebanon,Apartment,140,3,3,165000
Achrafieh,Beirut,Beirut,Apartment,140,3,3,350000
Mtayleb,El Metn,Mount Lebanon,Apartment,200,3,3,300000
Blat,Jbeil,Mount Lebanon,Apartment,120,2,2,100000
Hboub,Jbeil,Mount Lebanon,Apartment,195,3,3,225000
Mazraat Yachouh,El Metn,Mount Lebanon,Apartment,190,3,4,342000
Beit el Chaar,El Metn,Mount Lebanon,Apartment,302,3,5,660000
Beit el Chaar,El Metn,Mount Lebanon,Apartment,210,3,5,420000
Dbayeh,El Metn,Mount Lebanon,Apartment,123,3,3,240000
Dbayeh,El Metn,Mount Lebanon,Apartment,103,2,2,175000
Zouk Mosbeh,Kesrouane,Mount Lebanon,Apartment,225,3,3,150000
Zouk Mikael,Kesrouane,Mount Lebanon,Apartment,325,3,4,550000
Mazraat Yachouh,El Metn,Mount Lebanon,Apartment,270,3,3,449000
Mazraat Yachouh,El Metn,Mount Lebanon,Apartment,170,3,4,348000
Mazraat Yachouh,El Metn,Mount Lebanon,Apartment,170,3,3,437000
Fidar,Jbeil,Mount Lebanon,Apartment,260,3,3,399000
Elissar,El Metn,Mount Lebanon,Apartment,155,3,3,310000
Halat,Jbeil,Mount Lebanon,Apartment,200,3,3,255000
Beit el Chaar,El Metn,Mount Lebanon,Apartment,400,4,4,350000
Bsalim,El Metn,Mount Lebanon,Apartment,170,3,3,370000
Dbayeh,El Metn,Mount Lebanon,Apartment,145,3,3,230000
Zouk Mosbeh,Kesrouane,Mount Lebanon,Apartment,175,3,3,280000
Zouk Mosbeh,Kesrouane,Mount Lebanon,Apartment,270,3,3,475000
Jdayel,Jbeil,Mount Lebanon,Apartment,240,4,3,185000
Rabieh,El Metn,Mount Lebanon,Apartment,570,4,6,1000000
Antelias,El Metn,Mount Lebanon,Apartment,220,3,2,350000
Jouret Al Ballout,El Metn,Mount Lebanon,Apartment,200,3,2,225000
Naccache,El Metn,Mount Lebanon,Apartment,212,3,3,210000
chnaniir,Kesrouane,Mount Lebanon,Apartment,250,3,4,300000
Adma,Kesrouane,Mount Lebanon,Apartment,450,4,5,550000
Jbeil,Jbeil,Mount Lebanon,Apartment,185,3,4,200000
