Address,Rent $/night,Bedrooms,Beds,Bathrooms,Guests
"Mount Lebanon, Lebanon",160,N/A,N/A,N/A,N/A
"North Governorate, Lebanon",100,N/A,N/A,N/A,N/A
"Mount Lebanon Governorate, Lebanon",60,N/A,N/A,N/A,N/A
"Beirut, Lebanon",90,N/A,N/A,N/A,N/A
"Beirut, Lebanon",180,N/A,N/A,N/A,N/A
"Kesrouan, Lebanon",70,N/A,N/A,N/A,N/A
"Mount Lebanon Governorate, Lebanon",30,N/A,N/A,N/A,N/A
"Mount Lebanon Governorate, Lebanon",47,N/A,N/A,N/A,N/A
"Mount Lebanon Governorate, Lebanon",110,N/A,N/A,N/A,N/A
"North Governorate, Lebanon",60,N/A,N/A,N/A,N/A
"Beirut, Lebanon",50,N/A,N/A,N/A,N/A
"North Governorate, Lebanon",205,N/A,N/A,N/A,N/A
"Mount Lebanon Governorate, Lebanon",60,N/A,N/A,N/A,N/A
"North Governorate, Lebanon",160,N/A,N/A,N/A,N/A
"Mount Lebanon Governorate, Lebanon",69,N/A,N/A,N/A,N/A
"North Governorate, Lebanon",220,1,2,1,4
"Beirut, Lebanon",110,1,1,1,2
"Mount Lebanon Governorate, Lebanon",26,N/A,N/A,N/A,N/A
"Mount Lebanon Governorate, Lebanon",50,N/A,N/A,N/A,N/A
"Mount Lebanon Governorate, Lebanon",300,N/A,N/A,N/A,N/A
"Mount Lebanon Governorate, Lebanon",100,1,1,1,3
"Beirut, Lebanon",90,1,1,1,2
"North Governorate, Lebanon",58,2,2,1,3
"North Governorate, Lebanon",20,1,3,1,4
"Beirut, Lebanon",80,1,1,1,2
"Jabal Lubnan, Lebanon",150,N/A,N/A,N/A,N/A
"Jabal Lubnan, Lebanon",75,1,1,1,2
"Jabal Lubnan, Lebanon",65,1,3,1,4
"North Governorate, Lebanon",100,1,1,1,3
"Mount Lebanon Governorate, Lebanon",30,N/A,1,1,2
"North Governorate, Lebanon",200,2,6,3,6
"Mount Lebanon Governorate, Lebanon",70,1,2,1,4
"North Governorate, Lebanon",220,N/A,N/A,N/A,N/A
"Mount Lebanon Governorate, Lebanon",500,N/A,N/A,N/A,N/A
"Mount Lebanon Governorate, Lebanon",70,N/A,N/A,N/A,N/A
"North Governorate, Lebanon",100,1,1,1,2
"Guesthouses for Rent in Maasser el chouf, Lebanon",40,N/A,N/A,N/A,N/A
"Mount Lebanon Governorate, Lebanon",260,N/A,N/A,N/A,N/A
"North Governorate, Lebanon",120,N/A,N/A,N/A,N/A
"North Governorate, Lebanon",150,N/A,N/A,N/A,N/A
"North Governorate, Lebanon",170,N/A,N/A,N/A,N/A
"Mount Lebanon Governorate, Lebanon",500,N/A,N/A,N/A,N/A
"Beirut, Lebanon",67,1,1,1,2
"Mount Lebanon Governorate, Lebanon",86,N/A,N/A,N/A,N/A
"Mount Lebanon Governorate, Lebanon",60,N/A,N/A,N/A,N/A
"Beirut Governorate, Lebanon",58,1,1,1,5
"Mount Lebanon Governorate, Lebanon",100,N/A,N/A,N/A,N/A
"Beirut, Lebanon",120,N/A,N/A,N/A,N/A
"North Governorate, Lebanon",150,N/A,N/A,N/A,N/A
"Mount Lebanon Governorate, Lebanon",90,N/A,N/A,N/A,N/A
"Mount Lebanon Governorate, Lebanon",50,N/A,N/A,N/A,N/A
"Jabal Lubnan, Lebanon",225,N/A,N/A,N/A,N/A
"Beirut, Lebanon",200,2,3,2,4
"Mount Lebanon Governorate, Lebanon",50,N/A,N/A,N/A,N/A
"Beirut, Lebanon",58,1,1,1,2
"Jabal Lubnan, Lebanon",87,N/A,N/A,N/A,N/A
"North Governorate, Lebanon",200,3,7,2,10
"North Governorate, Lebanon",50,N/A,N/A,N/A,N/A
"Beirut, Lebanon",55,N/A,N/A,N/A,N/A
"Beirut Governorate, Lebanon",38,N/A,N/A,N/A,N/A
"Jabal Lubnan, Lebanon",49,N/A,N/A,N/A,N/A
"Mount Lebanon Governorate, Lebanon",50,1,1,1,2
"Beirut, Lebanon",67,1,1,1,2
"Jabal Lubnan, Lebanon",127,N/A,N/A,N/A,N/A
"North Governorate, Lebanon",100,N/A,N/A,N/A,N/A
"North Governorate, Lebanon",150,1,1,1,2
"North Governorate, Lebanon",110,2,5,2,6
"North Governorate, Lebanon",100,N/A,N/A,N/A,N/A
"Mount Lebanon Governorate, Lebanon",130,2,2,1,6
"Mount Lebanon Governorate, Lebanon",250,N/A,N/A,N/A,N/A
"Batroun, Lebanon",85,N/A,N/A,N/A,N/A
"Mount Lebanon Governorate, Lebanon",233,N/A,N/A,N/A,N/A
"Mount Lebanon Governorate, Lebanon",60,N/A,N/A,N/A,N/A
"Beirut , Lebanon",55,1,1,1,2
"Apartments for Rent in Jbeil, Lebanon",50,1,1,1,3
"Jabal Lubnan, Lebanon",85,N/A,N/A,N/A,N/A
"North Governorate, Lebanon",50,N/A,N/A,N/A,N/A
"Mount Lebanon Governorate, Lebanon",70,N/A,N/A,N/A,N/A
"North Governorate, Lebanon",120,1,2,1,4
"North Governorate, Lebanon",80,1,1,1,3
"North Governorate, Lebanon",50,N/A,N/A,N/A,N/A
"Jabal Lubnan, Lebanon",60,N/A,N/A,N/A,N/A
"Mount Lebanon Governorate, Lebanon",90,N/A,N/A,N/A,N/A
"Beirut, Lebanon",72,N/A,N/A,N/A,N/A
"Beirut, Lebanon",100,1,1,1,2
"Mount Lebanon Governorate, Lebanon",220,N/A,N/A,N/A,N/A
"North Governorate, Lebanon",316,N/A,N/A,N/A,N/A
"North Governorate, Lebanon",150,N/A,N/A,N/A,N/A
"North Governorate, Lebanon",65,N/A,N/A,N/A,N/A
"North lebanon, Lebanon",50,N/A,N/A,N/A,N/A
"North Governorate, Lebanon",70,N/A,N/A,N/A,N/A
"North Governorate, Lebanon",150,2,2,2,4
"Beirut Governorate, Lebanon",35,N/A,N/A,N/A,N/A
"Mount Lebanon Governorate, Lebanon",55,1,1,1,2
"Beirut, Lebanon",45,1,1,1,2
"Beirut, Lebanon",90,1,1,1,2
"Mount Lebanon Governorate, Lebanon",64,N/A,N/A,N/A,N/A
"Mount Lebanon Governorate, Lebanon",65,N/A,N/A,N/A,N/A
"Beirut, Lebanon",68,N/A,N/A,N/A,N/A
"Mount Lebanon Governorate, Lebanon",200,2,2,1,4
"Mount Lebanon Governorate, Lebanon",65,N/A,N/A,N/A,N/A
"North Governorate, Lebanon",40,N/A,N/A,N/A,N/A
"Mount Lebanon Governorate, Lebanon",55,N/A,N/A,N/A,N/A
"North Governorate, Lebanon",55,N/A,N/A,N/A,N/A
"Beirut, Lebanon",72,1,1,1,2
"Beirut, Lebanon",100,1,1,1,2
"Mount Lebanon Governorate, Lebanon",77,1,1,1,2
"Mount Lebanon Governorate, Lebanon",120,1,1,1,3
"Mount Lebanon Governorate, Lebanon",68,N/A,N/A,N/A,N/A
"North Governorate, Lebanon",169,1,4,1,6
"Jabal Lubnan, Lebanon",45,N/A,N/A,N/A,N/A
"Apartments for Rent in Jal El Dib, Lebanon",60,N/A,N/A,N/A,N/A
"Beirut Governorate, Lebanon",350,N/A,N/A,N/A,N/A
"North Governorate, Lebanon",750,N/A,N/A,N/A,N/A
"Beirut Governorate, Lebanon",50,N/A,N/A,N/A,N/A
"Mount Lebanon Governorate, Lebanon",60,N/A,N/A,N/A,N/A
"Mount Lebanon Governorate, Lebanon",30,N/A,N/A,N/A,N/A
"Mount Lebanon Governorate, Lebanon",115,N/A,N/A,N/A,N/A
"Mount Lebanon Governorate, Lebanon",90,N/A,N/A,N/A,N/A
"North Governorate, Lebanon",100,1,1,1,2
"Mount Lebanon Governorate, Lebanon",35,1,1,1,2
"Mount Lebanon Governorate, Lebanon",130,N/A,N/A,N/A,N/A
"Mount Lebanon Governorate, Lebanon",70,N/A,N/A,N/A,N/A
"Mount Lebanon Governorate, Lebanon",115,N/A,N/A,N/A,N/A
"Mount Lebanon Governorate, Lebanon",100,N/A,N/A,N/A,N/A
"Beirut, Lebanon",50,1,1,1,2
"Mount Lebanon Governorate, Lebanon",70,1,N/A,1,4
"Mount Lebanon Governorate, Lebanon",115,1,2,1,4
"Mount Lebanon Governorate, Lebanon",100,1,1,1,2
"North Lebanon Governorate, Lebanon",250,N/A,N/A,N/A,N/A
"Jabal Lubnan, Lebanon",40,N/A,N/A,N/A,N/A
"North Governorate, Lebanon",100,N/A,N/A,N/A,N/A
"Beirut, Lebanon",200,N/A,N/A,N/A,N/A
"Mount Lebanon Governorate, Lebanon",160,N/A,N/A,N/A,N/A
"North Governorate, Lebanon",135,1,3,1,4
"Mount Lebanon Governorate, Lebanon",31,N/A,N/A,N/A,N/A
"Mount Lebanon Governorate, Lebanon",40,N/A,1,1,2
"Mount Lebanon Governorate, Lebanon",65,N/A,N/A,N/A,N/A
"Beirut Governorate, Lebanon",100,N/A,N/A,N/A,N/A
"Mount Lebanon Governorate, Lebanon",250,N/A,N/A,N/A,N/A
"North Governorate, Lebanon",200,N/A,N/A,N/A,N/A
"Apartments for Rent in Bayrut, Lebanon",75,N/A,N/A,N/A,N/A
"North Governorate, Lebanon",40,1,5,1,7
"North Governorate, Lebanon",206,N/A,N/A,N/A,N/A
"North Governorate, Lebanon",29,N/A,N/A,N/A,N/A
"Beqaa Governorate, Lebanon",45,1,5,1,6
"Beirut, Lebanon",60,N/A,N/A,N/A,N/A
"Villas for Rent in LB, Lebanon",350,N/A,N/A,N/A,N/A
"North Governorate, Lebanon",247,3,5,2,6
"Condominiums for Rent in Beirut, Lebanon",59,1,2,1,2
"Jabal Lubnan, Lebanon",120,N/A,N/A,N/A,N/A
"Beirut, Lebanon",150,N/A,N/A,N/A,N/A
"North Governorate, Lebanon",73,1,2,1,2
"North Governorate, Lebanon",60,1,1,1,4
"Apartments for Rent in Bayrut, Lebanon",56,1,1,1,2
"Mount Lebanon Governorate, Lebanon",40,1,1,1,2
"North Governorate, Lebanon",70,N/A,N/A,N/A,N/A
"Mount Lebanon Governorate, Lebanon",750,4,6,3,8
"Mount Lebanon Governorate, Lebanon",35,N/A,N/A,N/A,N/A
"North Governorate, Lebanon",84,1,1,1,3
"Mount Lebanon Governorate, Lebanon",125,N/A,N/A,N/A,N/A
"Chouf, Lebanon",50,N/A,N/A,N/A,N/A
"Mount Lebanon Governorate, Lebanon",60,1,1,1,2
"Beirut, Lebanon",51,N/A,N/A,N/A,N/A
"Beirut , Lebanon",45,N/A,N/A,N/A,N/A
"Beirut, Lebanon",120,N/A,N/A,N/A,N/A
"Mount Lebanon Governorate, Lebanon",40,N/A,N/A,N/A,N/A
"Mount Lebanon Governorate, Lebanon",60,N/A,N/A,N/A,N/A
"North Governorate, Lebanon",42,N/A,N/A,N/A,N/A
"Mount Lebanon Governorate, Lebanon",220,N/A,N/A,N/A,N/A
"North Governorate, Lebanon",100,N/A,N/A,N/A,N/A
"Jabal Lubnan, Lebanon",40,N/A,N/A,N/A,N/A
"Jabal Lubnan, Lebanon",43,N/A,N/A,N/A,N/A
"North Governorate, Lebanon",70,N/A,N/A,N/A,N/A
"Beirut Governorate, Lebanon",45,N/A,N/A,N/A,N/A
"Mount Lebanon Governorate, Lebanon",100,N/A,N/A,N/A,N/A
"Beirut, Lebanon",180,2,2,2,4
"North Governorate, Lebanon",70,3,4,1,6
"Jabal Lubnan, Lebanon",220,N/A,N/A,N/A,N/A
"Beirut , Lebanon",65,N/A,N/A,N/A,N/A
"Mount Lebanon Governorate, Lebanon",45,N/A,N/A,N/A,N/A
"Beirut Governorate, Lebanon",80,N/A,N/A,N/A,N/A
"Mount Lebanon Governorate, Lebanon",150,N/A,N/A,N/A,N/A
"Mount Lebanon Governorate, Lebanon",85,N/A,N/A,N/A,N/A
"Mount Lebanon Governorate, Lebanon",100,1,1,1,2
"Beirut, Lebanon",130,1,1,1,2
"Beirut, Lebanon",70,N/A,N/A,N/A,N/A
"Beirut Governorate, Lebanon",30,N/A,N/A,N/A,N/A
"Jabal Lubnan, Lebanon",75,N/A,N/A,N/A,N/A
"Mount Lebanon Governorate, Lebanon",61,N/A,N/A,N/A,N/A
"Jabal Lubnan, Lebanon",75,N/A,N/A,N/A,N/A
"Beirut Governorate, Lebanon",60,N/A,N/A,N/A,N/A
"Mount Lebanon Governorate, Lebanon",120,2,3,1,4
"Beirut Governorate, Lebanon",60,N/A,N/A,N/A,N/A
"Mount Lebanon Governorate, Lebanon",45,N/A,N/A,N/A,N/A
"Mount Lebanon Governorate, Lebanon",150,N/A,N/A,N/A,N/A
"Mount Lebanon Governorate, Lebanon",61,1,1,1,3
"Beirut Governorate, Lebanon",30,N/A,1,1,2
"Mount Lebanon Governorate, Lebanon",85,N/A,N/A,N/A,N/A
"Mount Lebanon Governorate, Lebanon",40,N/A,N/A,N/A,N/A
"Jabal Lubnan, Lebanon",80,N/A,N/A,N/A,N/A
"Apartments for Rent in LB, Lebanon",75,1,1,1,3
"North Governorate, Lebanon",92,N/A,N/A,N/A,N/A
"Mount Lebanon Governorate, Lebanon",45,1,1,1,2
"Beirut Governorate, Lebanon",50,1,1,1,2
"Mount Lebanon Governorate, Lebanon",80,N/A,N/A,N/A,N/A
"Beirut, Lebanon",70,N/A,N/A,N/A,N/A
"Beirut, Lebanon",75,N/A,N/A,N/A,N/A
"Mount Lebanon Governorate, Lebanon",40,N/A,N/A,N/A,N/A
"North Governorate, Lebanon",500,N/A,N/A,N/A,N/A
"North Governorate, Lebanon",60,N/A,N/A,N/A,N/A
"Mount Lebanon Governorate, Lebanon",80,1,2,1,3
"Mount Lebanon Governorate, Lebanon",120,2,3,1,4
"Apartments for Rent in LB, Lebanon",75,N/A,N/A,N/A,N/A
"North Governorate, Lebanon",60,1,1,1,3
"Mount Lebanon Governorate, Lebanon",45,1,1,1,2
"Mount Lebanon Governorate, Lebanon",70,N/A,N/A,N/A,N/A
"Jabal Lubnan, Lebanon",30,N/A,N/A,N/A,N/A
"Mount Lebanon Governorate, Lebanon",80,1,2,1,3
"Beirut Governorate, Lebanon",75,N/A,N/A,N/A,N/A
"Kfardebian, Lebanon",233,N/A,N/A,N/A,N/A
"Beirut Governorate, Lebanon",233,N/A,N/A,N/A,N/A
"Beirut Governorate, Lebanon",50,1,1,1,2
"Mount Lebanon Governorate, Lebanon",60,N/A,N/A,N/A,N/A
"Matn, Lebanon",25,2,2,1,3
"Jabal Lubnan, Lebanon",60,N/A,N/A,N/A,N/A
"Mount Lebanon Governorate, Lebanon",55,1,1,1,2
"Beirut, Lebanon",90,1,1,1,2
"Beirut, Lebanon",50,1,1,1,2
"Mount Lebanon Governorate, Lebanon",35,N/A,N/A,N/A,N/A
"Mount Lebanon Governorate, Lebanon",60,N/A,2,1,4
"Guest suites for Rent in Bayrut, Lebanon",69,1,3,1,3
"Jbeil district, Lebanon",518,N/A,N/A,N/A,N/A
"Mount Lebanon Governorate, Lebanon",78,1,2,1,5
"Jabal Lubnan, Lebanon",236,N/A,N/A,N/A,N/A
"Mount Lebanon Governorate, Lebanon",77,3,3,2,8
"Mount Lebanon Governorate, Lebanon",43,N/A,N/A,N/A,N/A
"North Governorate, Lebanon",70,N/A,N/A,N/A,N/A
"Mount Lebanon Governorate, Lebanon",300,3,4,2,6
"Mount Lebanon Governorate, Lebanon",165,N/A,N/A,N/A,N/A
"Beirut Governorate, Lebanon",80,1,1,1,2
"North government, Lebanon",60,N/A,N/A,N/A,N/A
"Mount Lebanon Governorate, Lebanon",120,N/A,N/A,N/A,N/A
"Mount Lebanon Governorate, Lebanon",38,N/A,N/A,N/A,N/A
"Jabal Lubnan, Lebanon",60,N/A,N/A,N/A,N/A
"North Governorate, Lebanon",45,N/A,N/A,N/A,N/A
"North Governorate, Lebanon",50,N/A,N/A,N/A,N/A
"Beirut Governorate, Lebanon",89,N/A,N/A,N/A,N/A
"Beirut Governorate, Lebanon",130,2,2,2,4
"North Governorate, Lebanon",45,N/A,2,1,2
"Beirut Governorate, Lebanon",150,N/A,N/A,N/A,N/A
"Beirut Governorate, Lebanon",40,1,2,1,3
"Beirut, Lebanon",55,N/A,N/A,N/A,N/A
"Beirut, Lebanon",90,1,1,1,2
"Beirut Governorate, Lebanon",233,2,2,1,4
"Mount Lebanon Governorate, Lebanon",38,N/A,1,1,2
"North government, Lebanon",60,N/A,N/A,N/A,N/A
"Mount Lebanon Governorate, Lebanon",32,N/A,N/A,N/A,N/A
"Mount Lebanon Governorate, Lebanon",75,1,1,1,2
"North Governorate, Lebanon",75,N/A,N/A,N/A,N/A
"Mount Lebanon Governorate, Lebanon",70,N/A,N/A,N/A,N/A
"Beirut , Lebanon",90,N/A,N/A,N/A,N/A
"Beirut, Lebanon",105,N/A,N/A,N/A,N/A
"Beirut Governorate, Lebanon",80,1,1,1,2
